cod_seccion,cod_mun,municipio,distrito,nombre_distrito,seccion,Votos PP 2026,Votos Vox 2026,Votos SALF 2026,PP 2026 (%),Vox 2026 (%),SALF 2026 (%),Votos válidos 2026,Participación 2026,Censo 2026,Votos SALF EU 2024,Votos PP EU 2024,Votos Vox EU 2024,SALF EU 2024 (%),PP EU 2024 (%),Vox EU 2024 (%),Censo EU 2024,Participación EU 2024,Votos válidos EU 2024
2902501001,25,Benalmádena,1,,1,408,60,19,61.91,9.1,2.88,659,68.65,961,29,271,51,6.0,56.11,10.56,931,51.99,483
2902501002,25,Benalmádena,1,,2,393,109,37,49.19,13.64,4.63,799,64.65,1241,63,247,67,11.03,43.26,11.73,1280,44.77,571
2902501003,25,Benalmádena,1,,3,624,216,53,52.17,18.06,4.43,1196,58.66,2042,85,435,131,8.84,45.27,13.63,2117,45.49,961
2902501004,25,Benalmádena,1,,4,443,145,44,47.63,15.59,4.73,930,63.37,1482,58,272,70,9.09,42.63,10.97,1416,45.48,638
2902501005,25,Benalmádena,1,,5,312,113,18,47.2,17.1,2.72,661,63.13,1053,50,172,63,11.14,38.31,14.03,1024,44.14,449
2902502001,25,Benalmádena,2,,1,116,66,15,28.43,16.18,3.68,408,61.58,672,18,82,31,6.23,28.37,10.73,675,43.41,289
2902502002,25,Benalmádena,2,,2,172,70,17,35.46,14.43,3.51,485,59.13,827,24,100,37,6.5,27.1,10.03,827,44.98,369
2902502003,25,Benalmádena,2,,3,301,129,35,35.88,15.38,4.17,839,58.09,1456,51,164,66,8.67,27.89,11.22,1480,40.07,588
2902502004,25,Benalmádena,2,,4,276,86,13,41.57,12.95,1.96,664,60.07,1107,20,171,50,4.12,35.19,10.29,1079,45.13,486
2902502005,25,Benalmádena,2,,5,151,94,35,30.44,18.95,7.06,496,54.22,915,28,85,26,9.0,27.33,8.36,905,34.36,311
2902502006,25,Benalmádena,2,,6,282,101,27,40.93,14.66,3.92,689,58.86,1176,40,198,50,7.8,38.6,9.75,1199,42.95,513
2902502007,25,Benalmádena,2,,7,138,37,7,38.12,10.22,1.93,362,57.43,632,16,92,28,5.56,31.94,9.72,646,44.74,288
2902502008,25,Benalmádena,2,,8,455,96,16,50.72,10.7,1.78,897,66.23,1362,55,297,62,8.1,43.74,9.13,1366,50.0,679
2902502009,25,Benalmádena,2,,9,223,53,17,40.33,9.58,3.07,553,68.52,811,33,122,37,7.76,28.71,8.71,851,50.18,425
2902502010,25,Benalmádena,2,,10,250,86,24,36.34,12.5,3.49,688,62.41,1102,38,157,38,7.65,31.59,7.65,1132,43.9,497
2902502011,25,Benalmádena,2,,11,250,87,14,39.49,13.74,2.21,633,61.96,1031,29,153,48,6.46,34.08,10.69,1038,43.64,449
2902502012,25,Benalmádena,2,,12,471,179,35,45.33,17.23,3.37,1039,59.87,1745,74,297,82,9.83,39.44,10.89,1744,43.41,753
2902502013,25,Benalmádena,2,,13,368,98,22,51.11,13.61,3.06,720,68.57,1054,36,240,56,6.86,45.71,10.67,1061,49.67,525
2902502014,25,Benalmádena,2,,14,272,74,25,43.73,11.9,4.02,622,59.38,1049,39,159,38,8.52,34.72,8.3,1078,42.58,458
2902502015,25,Benalmádena,2,,15,565,178,51,44.52,14.03,4.02,1269,64.69,1979,85,277,106,10.48,34.16,13.07,1835,44.58,811
2902502016,25,Benalmádena,2,,16,470,132,29,52.4,14.72,3.23,897,68.03,1320,67,267,78,10.97,43.7,12.77,1306,46.86,611
2902502017,25,Benalmádena,2,,17,618,186,66,47.8,14.39,5.1,1293,66.28,1963,69,310,87,8.06,36.21,10.16,1917,44.91,856
2902502018,25,Benalmádena,2,,18,271,163,61,36.52,21.97,8.22,742,55.58,1339,70,112,60,18.32,29.32,15.71,1305,29.35,382
2902502019,25,Benalmádena,2,,19,349,119,31,42.35,14.44,3.76,824,66.35,1252,55,218,80,9.23,36.58,13.42,1256,47.85,596
2902502020,25,Benalmádena,2,,20,213,92,28,34.13,14.74,4.49,624,60.77,1038,40,131,38,8.47,27.75,8.05,1077,44.29,472
2902503001,25,Benalmádena,3,,1,485,144,25,51.38,15.25,2.65,944,55.33,1712,49,380,80,6.61,51.28,10.8,1777,41.81,741
2902503002,25,Benalmádena,3,,2,584,161,36,49.66,13.69,3.06,1176,64.24,1842,61,398,104,7.03,45.85,11.98,1839,47.47,868
2902503003,25,Benalmádena,3,,3,322,99,25,41.82,12.86,3.25,770,54.53,1423,43,197,54,8.04,36.82,10.09,1419,37.98,535
2902503004,25,Benalmádena,3,,4,284,80,11,44.87,12.64,1.74,633,57.52,1106,24,212,26,5.14,45.4,5.57,1155,40.61,467
2902503005,25,Benalmádena,3,,5,410,155,27,53.74,20.31,3.54,763,54.94,1396,76,249,89,13.84,45.36,16.21,1391,39.68,549
2902503006,25,Benalmádena,3,,6,510,136,21,56.86,15.16,2.34,897,59.02,1522,61,302,98,9.28,45.97,14.92,1538,42.78,657
2902503007,25,Benalmádena,3,,7,399,127,26,48.13,15.32,3.14,829,57.41,1451,60,216,65,10.81,38.92,11.71,1429,39.05,555
2902503008,25,Benalmádena,3,,8,321,114,18,45.08,16.01,2.53,712,49.59,1442,35,223,74,6.18,39.4,13.07,1532,37.08,566
2902503009,25,Benalmádena,3,,9,199,78,20,39.88,15.63,4.01,499,51.65,972,32,134,54,8.08,33.84,13.64,1031,38.6,396
2902503010,25,Benalmádena,3,,10,325,114,25,50.47,17.7,3.88,644,58.45,1102,48,220,81,9.58,43.91,16.17,1109,45.18,501
2902503011,25,Benalmádena,3,,11,300,76,26,52.72,13.36,4.57,569,58.97,970,36,186,52,8.65,44.71,12.5,952,43.91,416
2902503012,25,Benalmádena,3,,12,309,43,14,60.95,8.48,2.76,507,70.79,716,25,208,31,6.33,52.66,7.85,750,52.67,395
2904101001,41,Casares,1,,1,165,54,14,32.42,10.61,2.75,509,57.21,902,11,76,26,4.03,27.84,9.52,964,28.73,273
2904101002,41,Casares,1,,2,189,64,17,34.18,11.57,3.07,553,59.74,956,10,90,31,2.91,26.16,9.01,983,36.11,344
2904101003,41,Casares,1,,3,211,110,17,34.03,17.74,2.74,620,66.21,945,33,93,44,9.85,27.76,13.13,933,36.23,335
2904101004,41,Casares,1,,4,440,259,90,39.46,23.23,8.07,1115,54,2069,102,227,111,14.98,33.33,16.3,2444,27.91,681
2905101001,51,Estepona,1,,1,457,221,45,41.93,20.28,4.13,1090,57.43,1921,63,275,114,8.42,36.76,15.24,1953,38.76,748
2905101002,51,Estepona,1,,2,297,99,15,52.11,17.37,2.63,570,62.42,928,27,228,61,6.14,51.82,13.86,919,48.64,440
2905101003,51,Estepona,1,,3,265,81,10,55.67,17.02,2.1,476,62.16,772,28,170,53,8.09,49.13,15.32,778,44.86,346
2905101004,51,Estepona,1,,4,184,66,10,48.42,17.37,2.63,380,61.75,622,14,105,36,5.45,40.86,14.01,656,39.63,257
2905101005,51,Estepona,1,,5,320,93,20,49.77,14.46,3.11,643,63.87,1013,94,372,90,10.66,42.18,10.2,2054,43.18,882
2905101006,51,Estepona,1,,6,184,68,16,39.83,14.72,3.46,462,57.99,810,14,117,45,4.28,35.78,13.76,850,39.18,327
2905101007,51,Estepona,1,,7,347,110,21,46.39,14.71,2.81,748,67.68,1110,25,237,56,4.93,46.75,11.05,1147,44.38,507
2905101008,51,Estepona,1,,8,187,59,15,43.29,13.66,3.47,432,61.55,712,18,130,26,6.23,44.98,9.0,724,40.47,289
2905101009,51,Estepona,1,,9,332,147,28,44.99,19.92,3.79,738,61.79,1194,39,222,69,7.37,41.97,13.04,1272,41.59,529
2905101010,51,Estepona,1,,10,376,173,39,44.03,20.26,4.57,854,51.67,1662,58,219,73,11.09,41.87,13.96,1613,32.61,523
2905101011,51,Estepona,1,,11,425,165,49,45.31,17.59,5.22,938,63.15,1506,59,247,76,9.97,41.72,12.84,1534,39.11,592
2905101012,51,Estepona,1,,12,406,173,17,46.45,19.79,1.95,874,59.92,1474,45,249,83,7.94,43.92,14.64,1483,38.64,567
2905101013,51,Estepona,1,,13,374,162,33,42.12,18.24,3.72,888,58.3,1551,43,238,84,7.56,41.83,14.76,1522,38.04,569
2905101014,51,Estepona,1,,14,387,134,27,46.85,16.22,3.27,826,61.4,1355,47,256,53,8.88,48.39,10.02,1326,40.2,529
2905101015,51,Estepona,1,,15,509,190,37,48.29,18.03,3.51,1054,62.81,1691,62,339,100,8.13,44.43,13.11,1780,43.2,763
2905101016,51,Estepona,1,,16,311,92,20,57.17,16.91,3.68,544,55.45,990,45,160,54,12.5,44.44,15.0,1041,34.87,360
2905101017,51,Estepona,1,,17,331,118,22,47.76,17.03,3.17,693,64.22,1085,,,,,,,,,
2905102001,51,Estepona,2,,1,337,98,7,54.27,15.78,1.13,621,58.33,1073,22,239,61,4.85,52.64,13.44,1110,41.26,454
2905102002,51,Estepona,2,,2,127,68,0,37.57,20.12,0,338,53.43,638,17,75,31,8.13,35.89,14.83,634,33.28,209
2905102003,51,Estepona,2,,3,372,137,16,47.69,17.56,2.05,780,61.15,1282,32,243,66,5.89,44.75,12.15,1330,41.05,543
2905102004,51,Estepona,2,,4,292,95,26,47.1,15.32,4.19,620,57.75,1081,33,215,45,7.04,45.84,9.59,1142,41.33,469
2905102005,51,Estepona,2,,5,275,109,26,40.8,16.17,3.86,674,59.19,1152,26,187,53,5.43,39.04,11.06,1186,40.89,479
2905102007,51,Estepona,2,,7,456,212,42,39.79,18.5,3.66,1146,59.69,1947,73,266,86,10.43,38.0,12.29,1920,36.98,700
2905102008,51,Estepona,2,,8,227,81,19,44.08,15.73,3.69,515,54.61,960,28,130,26,9.36,43.48,8.7,962,31.6,299
2905102009,51,Estepona,2,,9,249,123,31,35.52,17.55,4.42,701,55.34,1272,45,158,50,9.05,31.79,10.06,1323,37.72,497
2905102010,51,Estepona,2,,10,233,119,17,39.56,20.2,2.89,589,58.19,1019,13,162,49,3.23,40.3,12.19,1063,38.1,402
2905102011,51,Estepona,2,,11,271,149,30,40.69,22.37,4.5,666,60.73,1115,57,145,63,13.94,35.45,15.4,1126,36.94,409
2905102012,51,Estepona,2,,12,310,149,22,42.23,20.3,3,734,64.31,1151,59,208,66,11.37,40.08,12.72,1155,45.28,519
2905102013,51,Estepona,2,,13,386,161,12,44.37,18.51,1.38,870,60.3,1459,41,203,66,7.75,38.37,12.48,1440,37.15,529
2905102014,51,Estepona,2,,14,550,203,49,49.15,18.14,4.38,1119,65.09,1736,61,294,81,9.61,46.3,12.76,1714,37.4,635
2905103001,51,Estepona,3,,1,323,138,27,44.07,18.83,3.68,733,54.71,1351,37,176,75,7.87,37.45,15.96,1406,33.71,470
2905103002,51,Estepona,3,,2,214,53,13,56.17,13.91,3.41,381,51.07,754,19,131,38,6.48,44.71,12.97,781,37.9,293
2905103003,51,Estepona,3,,3,262,109,32,47.64,19.82,5.82,550,57.56,956,81,351,113,11.42,49.51,15.94,2358,30.07,709
2905103004,51,Estepona,3,,4,263,82,20,54.79,17.08,4.17,480,55.38,869,42,155,42,12.28,45.32,12.28,898,38.2,342
2905103005,51,Estepona,3,,5,470,162,46,44.98,15.5,4.4,1045,56.1,1881,82,271,83,11.7,38.66,11.84,1974,35.87,701
2905103006,51,Estepona,3,,6,306,125,32,45.13,18.44,4.72,678,47.06,1441,35,167,57,8.73,41.65,14.21,1544,25.97,401
2905103007,51,Estepona,3,,7,347,190,55,41.31,22.62,6.55,840,47.21,1796,49,194,84,9.7,38.42,16.63,1843,27.67,505
2905103008,51,Estepona,3,,8,272,111,20,52.31,21.35,3.85,520,46.29,1130,,,,,,,,,
2905401001,54,Fuengirola,1,,1,244,82,11,53.74,18.06,2.42,454,63.99,709,21,186,53,5.32,47.09,13.42,699,56.51,395
2905401002,54,Fuengirola,1,,2,358,105,24,53.04,15.56,3.56,675,59.72,1140,45,241,73,8.43,45.13,13.67,1166,46.23,534
2905401003,54,Fuengirola,1,,3,284,94,14,53.79,17.8,2.65,528,60.78,877,25,218,51,6.01,52.4,12.26,873,48.11,416
2905401004,54,Fuengirola,1,,4,375,114,13,55.31,16.81,1.92,678,58.35,1167,35,271,64,6.62,51.23,12.1,1189,44.66,529
2905401005,54,Fuengirola,1,,5,329,136,25,41.33,17.09,3.14,796,61.36,1299,56,228,68,9.43,38.38,11.45,1320,45.08,594
2905401006,54,Fuengirola,1,,6,201,57,10,48.43,13.73,2.41,415,61.14,684,11,138,33,3.68,46.15,11.04,665,45.26,299
2905401007,54,Fuengirola,1,,7,280,101,12,45.75,16.5,1.96,612,59.96,1022,26,183,47,6.06,42.66,10.96,1029,41.79,429
2905401008,54,Fuengirola,1,,8,365,86,18,52.29,12.32,2.58,698,56.12,1246,32,260,59,5.78,46.93,10.65,1267,43.8,554
2905401009,54,Fuengirola,1,,9,290,63,7,56.64,12.3,1.37,512,65.98,778,28,200,38,7.09,50.63,9.62,793,49.94,395
2905401010,54,Fuengirola,1,,10,140,99,10,34.15,24.15,2.44,410,52.16,788,25,79,47,8.47,26.78,15.93,795,37.23,295
2905401011,54,Fuengirola,1,,11,327,79,14,51.09,12.34,2.19,640,68.26,942,39,214,41,8.21,45.05,8.63,925,51.57,475
2905401012,54,Fuengirola,1,,12,341,56,9,62.92,10.33,1.66,542,61.43,882,35,0,45,7.69,0.0,9.89,915,49.73,455
2905401013,54,Fuengirola,1,,13,250,84,13,44.33,14.89,2.3,564,62.45,903,16,177,49,3.69,40.78,11.29,926,46.87,434
2905401014,54,Fuengirola,1,,14,214,96,22,35.97,16.13,3.7,595,61.68,965,16,142,54,3.9,34.63,13.17,968,42.36,410
2905401015,54,Fuengirola,1,,15,230,65,14,47.82,13.51,2.91,481,57.95,830,28,169,43,7.47,45.07,11.47,849,44.17,375
2905401016,54,Fuengirola,1,,16,355,97,14,56.35,15.4,2.22,630,65.39,971,35,259,44,7.28,53.85,9.15,1007,48.16,481
2905401017,54,Fuengirola,1,,17,446,116,14,54.19,14.09,1.7,823,61.65,1338,37,337,90,5.44,49.56,13.24,1391,49.03,680
2905401018,54,Fuengirola,1,,18,334,74,26,54.93,12.17,4.28,608,63.7,954,35,228,46,7.59,49.46,9.98,970,47.53,461
2905401019,54,Fuengirola,1,,19,226,88,13,43.55,16.96,2.5,519,66.54,780,29,126,51,7.73,33.6,13.6,791,47.41,375
2905401020,54,Fuengirola,1,,20,128,60,6,42.11,19.74,1.97,304,52.55,578,14,85,30,6.14,37.28,13.16,583,39.11,228
2905401021,54,Fuengirola,1,,21,581,173,37,49.32,14.69,3.14,1178,63.17,1877,59,412,109,6.33,44.21,11.7,1894,49.52,932
2905401022,54,Fuengirola,1,,22,234,100,16,38.49,16.45,2.63,608,56.3,1083,26,153,39,6.57,38.64,9.85,1044,38.03,396
2905401023,54,Fuengirola,1,,23,354,91,13,50.14,12.89,1.84,706,65.02,1092,25,200,50,4.74,37.95,9.49,1143,46.37,527
2905401024,54,Fuengirola,1,,24,405,117,22,45.45,13.13,2.47,891,69.27,1288,46,284,92,6.36,39.28,12.72,1332,54.35,723
2905401025,54,Fuengirola,1,,25,229,110,25,36.94,17.74,4.03,620,53.61,1158,26,155,59,5.7,33.99,12.94,1132,40.37,456
2905401026,54,Fuengirola,1,,26,336,124,15,52.75,19.47,2.35,637,67.23,949,49,224,71,10.0,45.71,14.49,945,51.96,490
2905401027,54,Fuengirola,1,,27,303,117,23,42.44,16.39,3.22,714,58.9,1214,52,196,62,10.28,38.74,12.25,1198,42.32,506
2905402001,54,Fuengirola,2,,1,190,53,15,46.8,13.05,3.69,406,59.88,678,12,151,42,3.5,44.02,12.24,730,46.99,343
2905402002,54,Fuengirola,2,,2,355,105,16,54.78,16.2,2.47,648,60.45,1074,43,247,67,8.7,50.0,13.56,1095,45.21,494
2905402003,54,Fuengirola,2,,3,458,125,19,53.32,14.55,2.21,859,63.63,1355,49,329,67,7.59,50.93,10.37,1371,47.26,646
2905402004,54,Fuengirola,2,,4,520,167,25,47.75,15.34,2.3,1089,60.44,1803,40,361,101,4.92,44.4,12.42,1796,45.32,813
2905402005,54,Fuengirola,2,,5,467,147,25,47.7,15.02,2.55,979,65.19,1505,49,326,103,6.19,41.16,13.01,1562,50.83,792
2905402006,54,Fuengirola,2,,6,282,117,15,43.79,18.17,2.33,644,57.04,1136,43,191,50,9.62,42.73,11.19,1123,40.07,447
2905403001,54,Fuengirola,3,,1,474,155,30,51.97,17,3.29,912,65.74,1399,67,315,105,9.56,44.94,14.98,1454,48.62,701
2905403002,54,Fuengirola,3,,2,505,114,23,55.99,12.64,2.55,902,65.13,1390,59,332,80,8.89,50.0,12.05,1462,45.55,664
2905403003,54,Fuengirola,3,,3,568,168,43,54.56,16.14,4.13,1041,66.67,1572,79,350,112,10.79,47.81,15.3,1557,47.33,732
2905403004,54,Fuengirola,3,,4,367,166,50,47.17,21.34,6.43,778,55.32,1406,91,377,138,10.85,44.93,16.45,2141,39.19,839
2905403005,54,Fuengirola,3,,5,390,156,35,44.07,17.63,3.95,885,59.11,1499,67,241,87,11.22,40.37,14.57,1483,40.32,597
2905403006,54,Fuengirola,3,,6,535,235,45,46.32,20.35,3.9,1155,61.15,1892,99,301,128,12.98,39.45,16.78,1906,40.08,763
2905403007,54,Fuengirola,3,,7,229,69,8,56.82,17.12,1.99,403,57.28,707,,,,,,,,,
2906701001,67,Málaga,1,Centro,1,462,76,4,58.26,9.58,0.5,793,67.15,1190,30,364,56,4.48,54.33,8.36,1233,54.74,670
2906701003,67,Málaga,1,Centro,3,393,110,4,56.63,15.85,0.58,694,72.7,955,28,332,67,4.71,55.89,11.28,975,60.92,594
2906701004,67,Málaga,1,Centro,4,358,101,3,58.31,16.45,0.49,614,71.53,867,34,266,65,6.67,52.16,12.75,881,58.46,510
2906702001,67,Málaga,2,Málaga-Este,1,,,,,,,,,,,,,,,,,,
2906702002,67,Málaga,2,Málaga-Este,2,520,94,7,70.75,12.79,0.95,735,77.79,955,33,417,78,5.09,64.35,12.04,959,68.3,648
2906702003,67,Málaga,2,Málaga-Este,3,597,146,16,56,13.7,1.5,1066,69.37,1537,45,399,81,5.84,51.75,10.51,1523,50.62,771
2906702004,67,Málaga,2,Málaga-Este,4,572,89,13,71.41,11.11,1.62,801,75.49,1064,43,429,83,6.01,59.92,11.59,1105,64.98,716
2906702005,67,Málaga,2,Málaga-Este,5,386,49,9,70.18,8.91,1.64,550,78.05,707,18,304,54,3.68,62.17,11.04,709,69.25,489
2906702006,67,Málaga,2,Málaga-Este,6,509,91,7,71.19,12.73,0.98,715,74.3,962,27,433,63,4.21,67.45,9.81,993,64.65,642
2906702007,67,Málaga,2,Málaga-Este,7,446,69,9,73.72,11.4,1.49,605,81.53,742,27,338,71,5.26,65.89,13.84,743,69.04,513
2906702008,67,Málaga,2,Málaga-Este,8,423,65,8,73.82,11.34,1.4,573,79.59,722,20,328,60,4.0,65.6,12.0,732,68.58,500
2906702009,67,Málaga,2,Málaga-Este,9,234,92,23,36.73,14.44,3.61,637,56.32,1140,32,137,28,7.62,32.62,6.67,1138,37.17,420
2906702010,67,Málaga,2,Málaga-Este,10,342,49,6,78.8,11.29,1.38,434,77.13,563,24,270,52,6.23,70.13,13.51,568,67.78,385
2906702011,67,Málaga,2,Málaga-Este,11,251,36,11,53.86,7.73,2.36,466,69.35,673,36,166,31,9.89,45.6,8.52,699,52.22,364
2906702012,67,Málaga,2,Málaga-Este,12,216,89,32,36.49,15.03,5.41,592,55.3,1076,42,127,41,10.45,31.59,10.2,1093,36.96,402
2906702013,67,Málaga,2,Málaga-Este,13,744,130,17,64.98,11.35,1.48,1145,73.94,1550,72,545,101,7.31,55.33,10.25,1564,63.04,985
2906702014,67,Málaga,2,Málaga-Este,14,352,55,6,69.02,10.78,1.18,510,75.33,680,33,271,46,7.52,61.73,10.48,681,64.76,439
2906702015,67,Málaga,2,Málaga-Este,15,398,39,17,65.46,6.41,2.8,608,73.7,826,35,298,33,6.88,58.55,6.48,833,61.22,509
2906702016,67,Málaga,2,Málaga-Este,16,418,54,13,70.37,9.09,2.19,594,74.81,795,35,310,35,7.03,62.25,7.03,763,65.4,498
2906702017,67,Málaga,2,Málaga-Este,17,543,70,18,75.21,9.7,2.49,722,72.98,989,46,412,77,7.26,64.98,12.15,978,64.83,634
2906702018,67,Málaga,2,Málaga-Este,18,455,58,14,68.73,8.76,2.11,662,76.85,863,43,349,40,7.66,62.21,7.13,872,64.45,561
2906702019,67,Málaga,2,Málaga-Este,19,131,40,19,35.31,10.78,5.12,371,58.06,639,19,89,16,6.83,32.01,5.76,667,41.68,278
2906702020,67,Málaga,2,Málaga-Este,20,346,95,18,47.46,13.03,2.47,729,65.74,1113,29,261,46,5.06,45.55,8.03,1135,50.66,573
2906702021,67,Málaga,2,Málaga-Este,21,210,56,9,48.05,12.81,2.06,437,61.03,718,18,124,37,5.7,39.24,11.71,703,45.09,316
2906702022,67,Málaga,2,Málaga-Este,22,664,111,11,72.73,12.16,1.2,913,75.33,1215,60,488,79,8.04,65.42,10.59,1221,61.26,746
2906702023,67,Málaga,2,Málaga-Este,23,249,82,16,36.4,11.99,2.34,684,64.27,1072,38,172,51,7.54,34.13,10.12,1083,46.91,504
2906702024,67,Málaga,2,Málaga-Este,24,257,107,25,35.99,14.99,3.5,714,61.79,1162,39,133,58,8.07,27.54,12.01,1204,40.37,483
2906702025,67,Málaga,2,Málaga-Este,25,138,37,8,39.32,10.54,2.28,351,60.03,585,20,89,24,7.22,32.13,8.66,619,44.75,277
2906702026,67,Málaga,2,Málaga-Este,26,465,161,26,42.82,14.83,2.39,1086,65.98,1660,54,275,84,7.23,36.81,11.24,1650,45.64,747
2906702027,67,Málaga,2,Málaga-Este,27,283,129,27,47.25,21.54,4.51,599,61.29,981,102,522,131,9.62,49.25,12.36,1948,54.62,1060
2906702028,67,Málaga,2,Málaga-Este,28,476,91,17,58.05,11.1,2.07,820,73.36,1126,49,361,72,6.99,51.5,10.27,1143,61.77,701
2906702029,67,Málaga,2,Málaga-Este,29,249,51,12,46.72,9.57,2.25,533,63.73,843,19,174,32,4.88,44.73,8.23,843,46.5,389
2906702030,67,Málaga,2,Málaga-Este,30,516,129,30,50.15,12.54,2.92,1029,64.98,1593,59,327,84,8.06,44.67,11.48,1571,46.85,732
2906702031,67,Málaga,2,Málaga-Este,31,169,46,15,53.31,14.51,4.73,317,51.45,622,20,106,29,8.55,45.3,12.39,610,38.69,234
2906702032,67,Málaga,2,Málaga-Este,32,457,84,10,62.69,11.52,1.37,729,73.82,989,34,354,65,5.48,57.1,10.48,996,62.35,620
2906702033,67,Málaga,2,Málaga-Este,33,469,70,8,68.47,10.22,1.17,685,75.49,907,38,375,69,6.15,60.68,11.17,929,66.52,618
2906702034,67,Málaga,2,Málaga-Este,34,486,70,5,75,10.8,0.77,648,79.88,814,28,411,69,4.7,68.96,11.58,860,69.53,596
2906702035,67,Málaga,2,Málaga-Este,35,317,53,3,61.08,10.21,0.58,519,76.13,684,13,244,52,3.02,56.61,12.06,700,61.86,431
2906702036,67,Málaga,2,Málaga-Este,36,442,77,5,75.17,13.1,0.85,588,79.59,740,26,359,62,4.86,67.1,11.59,772,69.43,535
2906702037,67,Málaga,2,Málaga-Este,37,401,37,6,66.28,6.12,0.99,605,71.8,845,30,284,44,5.69,53.89,8.35,886,59.71,527
2906702038,67,Málaga,2,Málaga-Este,38,318,55,9,63.47,10.98,1.8,501,72.65,690,20,240,40,4.93,59.11,9.85,686,59.18,406
2906702039,67,Málaga,2,Málaga-Este,39,232,36,15,56.59,8.78,3.66,410,70.6,581,25,177,35,7.37,52.21,10.32,604,56.13,339
2906702040,67,Málaga,2,Málaga-Este,40,402,65,11,59.91,9.69,1.64,671,77.59,866,25,323,45,4.35,56.17,7.83,879,65.53,575
2906702041,67,Málaga,2,Málaga-Este,41,761,128,14,73.03,12.28,1.34,1042,77.08,1356,90,793,149,7.35,64.73,12.16,1964,62.58,1225
2906702042,67,Málaga,2,Málaga-Este,42,409,55,6,79.26,10.66,1.16,516,77.98,662,23,330,69,4.82,69.18,14.47,673,70.88,477
2906702043,67,Málaga,2,Málaga-Este,43,304,44,11,55.27,8,2,550,70.36,783,31,210,42,6.97,47.19,9.44,789,56.53,445
2906702044,67,Málaga,2,Málaga-Este,44,673,91,18,68.05,9.2,1.82,989,72.32,1369,71,441,92,8.63,53.58,11.18,1378,59.8,823
2906702045,67,Málaga,2,Málaga-Este,45,146,71,16,34.68,16.86,3.8,421,52.78,798,25,74,30,8.77,25.96,10.53,813,35.06,285
2906702046,67,Málaga,2,Málaga-Este,46,368,55,16,68.02,10.17,2.96,541,75.24,719,26,267,37,6.02,61.81,8.56,725,59.59,432
2906702047,67,Málaga,2,Málaga-Este,47,621,69,15,73.75,8.19,1.78,842,77.24,1090,42,427,73,6.29,63.92,10.93,1101,60.67,668
2906702048,67,Málaga,2,Málaga-Este,48,815,90,8,75.05,8.29,0.74,1086,78.56,1386,56,624,86,5.7,63.54,8.76,1433,68.74,982
2906702049,67,Málaga,2,Málaga-Este,49,712,105,19,64.38,9.49,1.72,1106,74.08,1500,75,498,89,8.08,53.66,9.59,1509,61.76,928
2906702050,67,Málaga,2,Málaga-Este,50,1085,155,22,76.19,10.88,1.54,1424,79.77,1786,95,808,130,8.01,68.13,10.96,1831,64.83,1186
2906702051,67,Málaga,2,Málaga-Este,51,412,53,10,63,8.1,1.53,654,68.4,956,26,318,38,4.68,57.3,6.85,952,58.3,555
2906702052,67,Málaga,2,Málaga-Este,52,518,71,4,79.69,10.92,0.62,650,81.15,806,,,,,,,,,
2906702053,67,Málaga,2,Málaga-Este,53,437,88,13,59.46,11.97,1.77,735,71.21,1038,,,,,,,,,
2906703001,67,Málaga,3,Carret y Alamos,1,330,75,14,53.83,12.23,2.28,613,61.27,1004,27,266,63,4.9,48.28,11.43,1043,53.02,551
2906703002,67,Málaga,3,Carret y Alamos,2,386,81,10,47.42,9.95,1.23,814,59.16,1393,13,119,26,5.14,47.04,10.28,549,46.63,253
2906703003,67,Málaga,3,Carret y Alamos,3,,,,,,,,,,13,144,42,3.4,37.7,10.99,854,44.85,382
2906704001,67,Málaga,4,Victoria,1,347,74,11,49.01,10.45,1.55,708,66.08,1077,40,235,55,7.01,41.16,9.63,1078,53.25,571
2906704003,67,Málaga,4,Victoria,3,185,120,8,29.79,19.32,1.29,621,47.55,1308,11,109,57,2.66,26.33,13.77,1322,31.39,414
2906704004,67,Málaga,4,Victoria,4,320,72,14,47.41,10.67,2.07,675,63.73,1061,36,231,44,6.53,41.92,7.99,1071,51.54,551
2906704006,67,Málaga,4,Victoria,6,204,49,11,47.11,11.32,2.54,433,67.86,638,28,114,41,8.75,35.62,12.81,629,50.87,320
2906704007,67,Málaga,4,Victoria,7,275,73,9,46.53,12.35,1.52,591,62.25,956,27,186,57,5.79,39.91,12.23,976,48.05,466
2906704008,67,Málaga,4,Victoria,8,272,50,2,57.14,10.5,0.42,476,68.19,698,14,207,49,3.33,49.29,11.67,707,59.41,420
2906704009,67,Málaga,4,Victoria,9,421,98,11,53.91,12.55,1.41,781,68.77,1143,47,311,44,7.63,50.49,7.14,1157,53.59,616
2906704010,67,Málaga,4,Victoria,10,287,79,21,46.67,12.85,3.41,615,66.31,927,31,184,55,7.06,41.91,12.53,931,47.15,439
2906704011,67,Málaga,4,Victoria,11,212,46,1,51.83,11.25,0.24,409,65.2,633,15,164,31,4.45,48.66,9.2,641,53.04,337
2906704012,67,Málaga,4,Victoria,12,490,119,22,50.99,12.38,2.29,961,67.24,1450,24,106,36,8.82,38.97,13.24,545,50.64,272
2906704013,67,Málaga,4,Victoria,13,,,,,,,,,,22,252,40,4.76,54.55,8.66,915,50.93,462
2906704014,67,Málaga,4,Victoria,14,216,49,9,51.31,11.64,2.14,421,58.77,716,19,157,24,5.78,47.72,7.29,693,47.47,329
2906704015,67,Málaga,4,Victoria,15,237,52,7,53.02,11.63,1.57,447,68.61,656,24,151,42,7.04,44.28,12.32,659,52.05,341
2906705001,67,Málaga,5,La Merced,1,260,60,6,46.51,10.73,1.07,559,56.78,985,21,190,51,4.56,41.21,11.06,1018,45.28,461
2906705002,67,Málaga,5,La Merced,2,257,106,21,33.82,13.95,2.76,760,52.99,1436,26,164,77,4.43,27.94,13.12,1461,40.25,587
2906706001,67,Málaga,6,Ciudad-Jardín,1,474,187,33,43.29,17.08,3.01,1095,71.77,1535,72,246,91,10.96,37.44,13.85,1467,45.06,657
2906706002,67,Málaga,6,Ciudad-Jardín,2,326,99,26,37.86,11.5,3.02,861,63.05,1374,38,188,44,7.01,34.69,8.12,1357,40.16,542
2906706003,67,Málaga,6,Ciudad-Jardín,3,148,72,12,38.05,18.51,3.08,389,61.15,636,25,122,37,8.45,41.22,12.5,647,45.75,296
2906706004,67,Málaga,6,Ciudad-Jardín,4,174,103,12,36.17,21.41,2.49,481,57.13,859,29,107,45,8.61,31.75,13.35,848,40.57,337
2906706005,67,Málaga,6,Ciudad-Jardín,5,172,75,19,37.07,16.16,4.09,464,61.1,759,25,95,37,8.74,33.22,12.94,758,37.73,286
2906706006,67,Málaga,6,Ciudad-Jardín,6,90,61,13,29.61,20.07,4.28,304,47.74,643,13,65,18,6.77,33.85,9.38,629,30.84,192
2906706007,67,Málaga,6,Ciudad-Jardín,7,195,114,34,29.86,17.46,5.21,653,46.73,1408,44,99,47,10.4,23.4,11.11,1386,30.74,423
2906706008,67,Málaga,6,Ciudad-Jardín,8,110,53,9,30.64,14.76,2.51,359,49.25,739,12,70,18,5.06,29.54,7.59,720,33.33,237
2906706009,67,Málaga,6,Ciudad-Jardín,9,152,70,27,36.1,16.63,6.41,421,51.94,816,21,106,31,6.82,34.42,10.06,780,39.74,308
2906706010,67,Málaga,6,Ciudad-Jardín,10,111,71,18,27.68,17.71,4.49,401,42.26,961,21,59,39,8.4,23.6,15.6,956,26.46,250
2906706011,67,Málaga,6,Ciudad-Jardín,11,135,93,24,28.24,19.46,5.02,478,48.54,989,32,76,35,10.06,23.9,11.01,998,31.96,318
2906706012,67,Málaga,6,Ciudad-Jardín,12,387,104,18,49.43,13.28,2.3,783,68.69,1146,31,242,77,5.25,40.95,13.03,1146,51.83,591
2906706013,67,Málaga,6,Ciudad-Jardín,13,332,146,19,36.28,15.96,2.08,915,62.22,1487,39,200,102,5.86,30.03,15.32,1475,45.63,666
2906706015,67,Málaga,6,Ciudad-Jardín,15,162,42,9,41.33,10.71,2.3,392,52.11,752,14,94,28,4.96,33.33,9.93,780,36.15,282
2906706016,67,Málaga,6,Ciudad-Jardín,16,244,72,16,42.58,12.57,2.79,573,59.04,976,28,159,40,6.67,37.86,9.52,974,43.33,420
2906706017,67,Málaga,6,Ciudad-Jardín,17,274,72,6,46.44,12.2,1.02,590,64.89,922,21,180,40,4.86,41.67,9.26,926,47.3,432
2906706018,67,Málaga,6,Ciudad-Jardín,18,111,34,9,34.69,10.62,2.81,320,54.27,601,8,51,9,4.04,25.76,4.55,602,33.55,198
2906706019,67,Málaga,6,Ciudad-Jardín,19,212,110,21,31.5,16.34,3.12,673,49.45,1369,30,152,50,6.1,30.89,10.16,1363,36.32,492
2906706020,67,Málaga,6,Ciudad-Jardín,20,198,71,14,40.49,14.52,2.86,489,62.01,790,29,144,45,7.21,35.82,11.19,817,49.33,402
2906706021,67,Málaga,6,Ciudad-Jardín,21,107,41,4,37.81,14.49,1.41,283,51.25,554,12,73,35,5.43,33.03,15.84,563,39.43,221
2906706022,67,Málaga,6,Ciudad-Jardín,22,140,80,20,31.96,18.26,4.57,438,38.72,1139,23,70,35,7.85,23.89,11.95,1122,26.29,293
2906706023,67,Málaga,6,Ciudad-Jardín,23,238,76,29,35.63,11.38,4.34,668,60.97,1114,18,138,33,4.08,31.29,7.48,1126,39.79,441
2906706024,67,Málaga,6,Ciudad-Jardín,24,540,151,26,45.84,12.82,2.21,1178,66.46,1794,56,361,100,6.44,41.49,11.49,1759,50.03,870
2906706025,67,Málaga,6,Ciudad-Jardín,25,291,111,25,38.96,14.86,3.35,747,59.14,1292,41,160,66,8.52,33.26,13.72,1264,38.92,481
2906706026,67,Málaga,6,Ciudad-Jardín,26,366,124,21,40.99,13.89,2.35,893,65.94,1362,47,236,70,6.91,34.71,10.29,1359,50.33,680
2906706027,67,Málaga,6,Ciudad-Jardín,27,123,81,11,28.74,18.93,2.57,428,39.54,1093,20,80,39,6.78,27.12,13.22,1090,27.34,295
2906706028,67,Málaga,6,Ciudad-Jardín,28,184,62,5,41.91,14.12,1.14,439,61.99,708,10,124,38,3.01,37.35,11.45,702,47.29,332
2906706029,67,Málaga,6,Ciudad-Jardín,29,299,93,11,44.43,13.82,1.63,673,59.54,1135,32,182,53,6.79,38.64,11.25,1134,41.71,471
2906706030,67,Málaga,6,Ciudad-Jardín,30,212,92,14,37.59,16.31,2.48,564,60.15,943,24,116,58,6.17,29.82,14.91,919,42.55,389
2906706031,67,Málaga,6,Ciudad-Jardín,31,245,95,19,38.4,14.89,2.98,638,57.7,1133,38,172,35,8.52,38.57,7.85,1136,40.23,446
2906706032,67,Málaga,6,Ciudad-Jardín,32,231,88,21,38.31,14.59,3.48,603,61.01,990,38,150,32,9.03,35.63,7.6,1000,42.2,421
2906706033,67,Málaga,6,Ciudad-Jardín,33,146,85,16,31,18.05,3.4,471,55.75,848,38,66,37,12.26,21.29,11.94,833,37.33,310
2906706034,67,Málaga,6,Ciudad-Jardín,34,190,82,21,37.11,16.02,4.1,512,61.78,829,25,153,34,6.76,41.35,9.19,826,44.79,370
2906706035,67,Málaga,6,Ciudad-Jardín,35,160,75,25,36.36,17.05,5.68,440,53.75,819,30,95,41,9.97,31.56,13.62,825,36.48,301
2906706036,67,Málaga,6,Ciudad-Jardín,36,186,75,15,35.36,14.26,2.85,526,56.56,932,14,128,40,3.97,36.26,11.33,945,37.46,353
2906706037,67,Málaga,6,Ciudad-Jardín,37,253,93,16,38.05,13.98,2.41,665,63.78,1043,30,165,55,6.56,36.11,12.04,1049,43.57,457
2906706038,67,Málaga,6,Ciudad-Jardín,38,209,77,15,43,15.84,3.09,486,68.01,719,23,144,42,6.52,40.79,11.9,712,49.86,353
2906706039,67,Málaga,6,Ciudad-Jardín,39,393,97,17,45.96,11.35,1.99,855,70.96,1209,45,265,57,6.7,39.43,8.48,1233,54.66,672
2906706040,67,Málaga,6,Ciudad-Jardín,40,121,60,17,33.15,16.44,4.66,365,62.67,587,13,73,24,5.46,30.67,10.08,553,43.4,238
2906706041,67,Málaga,6,Ciudad-Jardín,41,194,71,16,37.6,13.76,3.1,516,55.14,939,23,114,36,6.76,33.53,10.59,928,36.75,340
2906706042,67,Málaga,6,Ciudad-Jardín,42,,,,,,,,,,,,,,,,,,
2906706043,67,Málaga,6,Ciudad-Jardín,43,110,49,14,31.25,13.92,3.98,352,63.83,553,13,73,25,4.89,27.44,9.4,553,48.28,266
2906706044,67,Málaga,6,Ciudad-Jardín,44,233,75,25,37.52,12.08,4.03,621,62.18,1004,40,143,36,9.09,32.5,8.18,1028,43.0,440
2906706045,67,Málaga,6,Ciudad-Jardín,45,145,111,25,24.91,19.07,4.3,582,58.85,989,24,89,35,6.49,24.05,9.46,999,37.04,370
2906706046,67,Málaga,6,Ciudad-Jardín,46,205,84,20,32.18,13.19,3.14,637,61.41,1044,19,125,46,4.35,28.6,10.53,1041,42.27,437
2906706047,67,Málaga,6,Ciudad-Jardín,47,159,60,14,30.69,11.58,2.7,518,63.82,816,33,110,32,8.44,28.13,8.18,823,47.75,391
2906706048,67,Málaga,6,Ciudad-Jardín,48,164,63,15,37.79,14.52,3.46,434,47.73,918,18,100,32,5.96,33.11,10.6,922,33.08,302
2906707001,67,Málaga,7,Málaga-Norte,1,97,57,8,29.48,17.33,2.43,329,38.69,850,9,73,27,3.88,31.47,11.64,844,27.49,232
2906707002,67,Málaga,7,Málaga-Norte,2,164,69,19,35.81,15.07,4.15,458,56.36,820,37,100,42,10.39,28.09,11.8,844,42.54,356
2906707003,67,Málaga,7,Málaga-Norte,3,162,91,16,36.82,20.68,3.64,440,54.86,813,21,89,44,7.24,30.69,15.17,796,36.93,290
2906707004,67,Málaga,7,Málaga-Norte,4,152,81,4,36.45,19.42,0.96,417,55.72,750,19,101,40,6.44,34.24,13.56,744,39.78,295
2906707005,67,Málaga,7,Málaga-Norte,5,401,112,28,45.52,12.71,3.18,881,69.09,1279,45,264,49,7.65,44.9,8.33,1253,47.09,588
2906707006,67,Málaga,7,Málaga-Norte,6,176,64,13,35.92,13.06,2.65,490,60.49,812,17,131,44,4.66,35.89,12.05,792,46.21,365
2906707008,67,Málaga,7,Málaga-Norte,8,108,71,10,31.3,20.58,2.9,345,44.2,783,15,68,39,6.05,27.42,15.73,792,31.44,248
2906707009,67,Málaga,7,Málaga-Norte,9,251,93,8,42.47,15.74,1.35,591,61.15,971,31,167,36,7.35,39.57,8.53,947,44.77,422
2906707010,67,Málaga,7,Málaga-Norte,10,197,67,7,40.45,13.76,1.44,487,65.21,751,20,154,42,5.18,39.9,10.88,777,49.94,386
2906707011,67,Málaga,7,Málaga-Norte,11,294,84,9,42,12,1.29,700,60.45,1165,33,195,40,6.57,38.84,7.97,1187,42.54,502
2906707012,67,Málaga,7,Málaga-Norte,12,103,57,11,31.5,17.43,3.36,327,56.08,588,18,80,32,7.38,32.79,13.11,607,40.53,244
2906707013,67,Málaga,7,Málaga-Norte,13,190,49,5,39.09,10.08,1.03,486,54.27,896,21,135,33,5.4,34.7,8.48,913,42.61,389
2906707014,67,Málaga,7,Málaga-Norte,14,236,63,7,46.27,12.35,1.37,510,64.86,786,26,170,39,6.4,41.87,9.61,800,50.75,406
2906707015,67,Málaga,7,Málaga-Norte,15,155,51,8,41.01,13.49,2.12,378,60.35,628,19,126,24,6.38,42.28,8.05,644,46.43,298
2906707016,67,Málaga,7,Málaga-Norte,16,309,94,21,46.54,14.16,3.16,664,67.23,992,43,202,55,8.58,40.32,10.98,1010,49.8,501
2906707017,67,Málaga,7,Málaga-Norte,17,199,99,12,35.28,17.55,2.13,564,58.8,964,26,122,45,6.9,32.36,11.94,987,38.4,377
2906707018,67,Málaga,7,Málaga-Norte,18,232,62,9,46.59,12.45,1.81,498,63.16,790,29,151,37,7.53,39.22,9.61,790,48.86,385
2906707019,67,Málaga,7,Málaga-Norte,19,284,115,28,43.23,17.5,4.26,657,69.36,953,52,166,75,11.33,36.17,16.34,888,52.03,459
2906707020,67,Málaga,7,Málaga-Norte,20,127,67,7,36.6,19.31,2.02,347,60.34,575,13,85,25,5.73,37.44,11.01,565,40.18,227
2906707021,67,Málaga,7,Málaga-Norte,21,61,60,3,18.89,18.58,0.93,323,28.84,1127,5,39,18,3.4,26.53,12.24,520,28.46,147
2906707022,67,Málaga,7,Málaga-Norte,22,49,84,11,18.63,31.94,4.18,263,43.95,610,13,28,32,7.43,16.0,18.29,590,30.17,175
2906707023,67,Málaga,7,Málaga-Norte,23,263,171,52,29.35,19.08,5.8,896,48.78,1841,54,149,66,10.34,28.54,12.64,1708,30.62,522
2906707025,67,Málaga,7,Málaga-Norte,25,25,55,2,14.45,31.79,1.16,173,26.09,663,13,11,21,11.4,9.65,18.42,644,17.7,114
2906707026,67,Málaga,7,Málaga-Norte,26,41,83,6,15.83,32.05,2.32,259,25,1036,6,38,29,3.55,22.49,17.16,1065,15.87,169
2906707027,67,Málaga,7,Málaga-Norte,27,584,133,31,61.22,13.94,3.25,954,77.07,1243,64,425,107,7.92,52.6,13.24,1241,65.35,808
2906707028,67,Málaga,7,Málaga-Norte,28,48,69,9,19.35,27.82,3.63,248,25.51,1000,9,28,19,6.38,19.86,13.48,954,15.2,141
2906707029,67,Málaga,7,Málaga-Norte,29,51,59,8,27.13,31.38,4.26,188,33.57,566,5,23,11,5.49,25.27,12.09,542,16.97,91
2906707030,67,Málaga,7,Málaga-Norte,30,303,132,31,39.3,17.12,4.02,771,72.78,1069,30,182,74,5.84,35.41,14.4,1039,49.95,514
2906707031,67,Málaga,7,Málaga-Norte,31,113,56,11,30.38,15.05,2.96,372,56.18,675,17,88,22,6.05,31.32,7.83,656,43.6,281
2906707032,67,Málaga,7,Málaga-Norte,32,144,78,8,33.18,17.97,1.84,434,63.41,694,22,79,38,7.12,25.57,12.3,687,45.56,309
2906707033,67,Málaga,7,Málaga-Norte,33,199,60,12,41.37,12.47,2.49,481,53.08,916,25,111,33,7.81,34.69,10.31,858,37.65,320
2906707034,67,Málaga,7,Málaga-Norte,34,319,139,14,37.14,16.18,1.63,859,61.13,1410,37,178,78,6.17,29.67,13.0,1415,42.54,600
2906707035,67,Málaga,7,Málaga-Norte,35,253,107,8,39.22,16.59,1.24,645,60.8,1069,28,146,66,6.54,34.11,15.42,1056,40.81,428
2906707037,67,Málaga,7,Málaga-Norte,37,266,86,21,45.7,14.78,3.61,582,60.25,979,22,205,55,4.89,45.56,12.22,981,46.48,450
2906707039,67,Málaga,7,Málaga-Norte,39,291,53,13,48.5,8.83,2.17,600,70.79,849,31,204,29,6.58,43.31,6.16,848,55.66,471
2906707040,67,Málaga,7,Málaga-Norte,40,225,59,10,42.53,11.15,1.89,529,60.82,878,24,154,26,6.17,39.59,6.68,869,45.22,389
2906707041,67,Málaga,7,Málaga-Norte,41,165,57,5,38.28,13.23,1.16,431,59.67,724,15,112,31,4.49,33.53,9.28,737,45.45,334
2906707042,67,Málaga,7,Málaga-Norte,42,226,105,15,35.65,16.56,2.37,634,55.74,1137,37,130,49,8.83,31.03,11.69,1125,37.24,419
2906707043,67,Málaga,7,Málaga-Norte,43,392,121,27,41.75,12.89,2.88,939,66.97,1408,42,241,73,6.27,35.97,10.9,1391,48.38,670
2906707044,67,Málaga,7,Málaga-Norte,44,178,53,16,35.89,10.69,3.23,496,58.8,857,25,116,24,7.08,32.86,6.8,837,42.89,353
2906707045,67,Málaga,7,Málaga-Norte,45,208,86,17,37.08,15.33,3.03,561,63.11,889,33,113,37,8.27,28.32,9.27,850,46.94,399
2906707046,67,Málaga,7,Málaga-Norte,46,381,130,40,42.38,14.46,4.45,899,56.85,1595,44,193,85,8.09,35.48,15.62,1571,34.95,544
2906707047,67,Málaga,7,Málaga-Norte,47,241,110,19,42.43,19.37,3.35,568,57.56,987,43,127,43,12.68,37.46,12.68,987,34.35,339
2906707048,67,Málaga,7,Málaga-Norte,48,339,170,27,34.45,17.28,2.74,984,58.71,1686,52,200,68,7.85,30.21,10.27,1684,39.55,662
2906707049,67,Málaga,7,Málaga-Norte,49,114,86,9,31.23,23.56,2.47,365,48.3,760,14,43,24,7.18,22.05,12.31,737,26.59,195
2906707050,67,Málaga,7,Málaga-Norte,50,150,110,23,33.86,24.83,5.19,443,32.89,1365,35,93,50,12.5,33.21,17.86,1333,21.31,280
2906707051,67,Málaga,7,Málaga-Norte,51,151,109,23,29.21,21.08,4.45,517,51.22,1009,16,94,39,5.06,29.75,12.34,994,31.79,316
2906707052,67,Málaga,7,Málaga-Norte,52,174,84,23,32.71,15.79,4.32,532,59.85,897,31,120,47,7.93,30.69,12.02,900,43.89,391
2906707053,67,Málaga,7,Málaga-Norte,53,82,74,8,28.77,25.96,2.81,285,36.11,795,7,44,23,5.34,33.59,17.56,793,16.65,131
2906707054,67,Málaga,7,Málaga-Norte,54,60,83,11,20.2,27.95,3.7,297,33.48,893,17,32,28,9.24,17.39,15.22,892,20.74,184
2906707055,67,Málaga,7,Málaga-Norte,55,85,94,13,21.96,24.29,3.36,387,42.08,920,9,50,33,4.31,23.92,15.79,900,23.22,209
2906707056,67,Málaga,7,Málaga-Norte,56,164,46,9,44.93,12.6,2.47,365,66.37,553,15,130,19,5.12,44.37,6.48,571,51.66,293
2906707057,67,Málaga,7,Málaga-Norte,57,169,66,5,36.42,14.22,1.08,464,58.65,793,21,131,34,5.98,37.32,9.69,807,43.62,351
2906707058,67,Málaga,7,Málaga-Norte,58,284,97,13,45.51,15.54,2.08,624,64.18,972,33,201,64,6.72,40.94,13.03,1005,48.86,491
2906707059,67,Málaga,7,Málaga-Norte,59,182,82,10,34.73,15.65,1.91,524,59.84,884,12,133,45,3.07,34.02,11.51,888,44.48,391
2906707060,67,Málaga,7,Málaga-Norte,60,,,,,,,,,,4,24,6,4.44,26.67,6.67,607,14.83,90
2906707061,67,Málaga,7,Málaga-Norte,61,95,88,7,30.25,28.03,2.23,314,42.84,745,23,46,44,11.79,23.59,22.56,711,27.85,195
2906707062,67,Málaga,7,Málaga-Norte,62,48,38,3,26.67,21.11,1.67,180,28.8,625,5,23,16,4.59,21.1,14.68,621,17.55,109
2906707065,67,Málaga,7,Málaga-Norte,65,199,81,12,36.51,14.86,2.2,545,57.35,956,19,110,41,5.4,31.25,11.65,919,38.52,352
2906707066,67,Málaga,7,Málaga-Norte,66,220,120,13,35.77,19.51,2.11,615,55.58,1110,34,127,58,8.61,32.15,14.68,1071,36.97,395
2906707067,67,Málaga,7,Málaga-Norte,67,222,77,27,35.02,12.15,4.26,634,58.95,1082,32,152,58,6.58,31.28,11.93,1056,46.31,486
2906707068,67,Málaga,7,Málaga-Norte,68,262,65,9,47.46,11.78,1.63,552,63.82,876,18,176,45,4.48,43.78,11.19,845,48.17,402
2906707069,67,Málaga,7,Málaga-Norte,69,193,65,9,42.05,14.16,1.96,459,60.58,764,15,114,36,4.79,36.42,11.5,772,40.93,313
2906707070,67,Málaga,7,Málaga-Norte,70,247,68,15,41.86,11.53,2.54,590,60.83,981,37,154,33,8.58,35.73,7.66,990,44.04,431
2906707071,67,Málaga,7,Málaga-Norte,71,406,101,14,46.19,11.49,1.59,879,71.85,1233,35,263,62,5.55,41.68,9.83,1233,51.58,631
2906707072,67,Málaga,7,Málaga-Norte,72,225,66,14,42.78,12.55,2.66,526,35.14,1500,63,296,91,7.58,35.62,10.95,1531,54.41,831
2906707073,67,Málaga,7,Málaga-Norte,73,185,55,8,40.93,12.17,1.77,452,67.5,671,18,112,26,5.62,35.0,8.12,681,47.14,320
2906707074,67,Málaga,7,Málaga-Norte,74,395,105,25,42.66,11.34,2.7,926,67.19,1389,44,252,60,6.78,38.83,9.24,1346,48.59,649
2906707075,67,Málaga,7,Málaga-Norte,75,198,63,8,40.16,12.78,1.62,493,72.9,684,14,146,37,3.64,37.92,9.61,678,57.52,385
2906707076,67,Málaga,7,Málaga-Norte,76,364,161,38,36.29,16.05,3.79,1003,65.12,1540,66,204,85,9.84,30.4,12.67,1536,43.68,671
2906707077,67,Málaga,7,Málaga-Norte,77,375,180,51,35.01,16.81,4.76,1071,61.41,1757,57,190,97,8.52,28.4,14.5,1689,39.91,669
2906707078,67,Málaga,7,Málaga-Norte,78,250,121,15,40.26,19.48,2.42,621,60.66,1048,33,168,72,7.07,35.97,15.42,1045,45.74,467
2906707079,67,Málaga,7,Málaga-Norte,79,213,99,15,37.24,17.31,2.62,572,63.37,918,20,129,41,5.1,32.91,10.46,895,44.58,392
2906707080,67,Málaga,7,Málaga-Norte,80,139,52,8,33.82,12.65,1.95,411,63.3,651,15,100,27,5.4,35.97,9.71,639,43.66,278
2906707081,67,Málaga,7,Málaga-Norte,81,92,49,9,28.22,15.03,2.76,326,38.12,855,14,50,16,6.9,24.63,7.88,845,24.02,203
2906707082,67,Málaga,7,Málaga-Norte,82,211,101,21,40.5,19.39,4.03,521,60.83,866,32,119,62,9.09,33.81,17.61,865,41.16,352
2906707083,67,Málaga,7,Málaga-Norte,83,43,52,7,23.63,28.57,3.85,182,31.43,579,6,24,24,5.5,22.02,22.02,578,18.86,109
2906707085,67,Málaga,7,Málaga-Norte,85,253,82,11,48.84,15.83,2.12,518,62.35,832,30,162,49,7.52,40.6,12.28,820,48.78,399
2906707086,67,Málaga,7,Málaga-Norte,86,201,89,18,35.89,15.89,3.21,560,62.1,911,25,104,59,6.16,25.62,14.53,902,45.45,406
2906707087,67,Málaga,7,Málaga-Norte,87,168,63,10,38.18,14.32,2.27,440,71.13,626,20,107,33,5.57,29.81,9.19,650,55.85,359
2906707088,67,Málaga,7,Málaga-Norte,88,223,52,9,48.37,11.28,1.95,461,70.78,663,21,153,30,5.74,41.8,8.2,682,54.55,366
2906707089,67,Málaga,7,Málaga-Norte,89,406,164,26,41.09,16.6,2.63,988,57.25,1738,45,248,74,6.54,36.05,10.76,1687,41.08,688
2906707090,67,Málaga,7,Málaga-Norte,90,364,182,44,36.15,18.07,4.37,1007,57.16,1767,49,199,74,8.13,33.0,12.27,1727,35.03,603
2906707091,67,Málaga,7,Málaga-Norte,91,563,230,45,40.45,16.52,3.23,1392,75.42,1863,93,274,107,10.8,31.82,12.43,1816,47.85,861
2906707092,67,Málaga,7,Málaga-Norte,92,321,150,51,35.51,16.59,5.64,904,56.49,1606,47,158,62,9.04,30.38,11.92,1539,33.92,520
2906707093,67,Málaga,7,Málaga-Norte,93,276,61,6,54.98,12.15,1.2,502,74.09,688,21,171,41,5.69,46.34,11.11,690,54.35,369
2906707094,67,Málaga,7,Málaga-Norte,94,221,99,26,38.3,17.16,4.51,577,48.1,1208,73,205,81,11.16,31.35,12.39,1861,35.36,654
2906707095,67,Málaga,7,Málaga-Norte,95,185,69,15,37.3,13.91,3.02,496,58.26,855,0,83,46,0.0,26.69,14.79,813,38.38,311
2906707096,67,Málaga,7,Málaga-Norte,96,206,99,25,35.4,17.01,4.3,582,62.96,929,42,127,55,9.98,30.17,13.06,940,45.0,421
2906707097,67,Málaga,7,Málaga-Norte,97,271,121,17,37.28,16.64,2.34,727,65.16,1122,47,153,64,9.63,31.35,13.11,1121,43.8,488
2906707098,67,Málaga,7,Málaga-Norte,98,306,105,17,45.47,15.6,2.53,673,65.95,1027,,,,,,,,,
2906708001,67,Málaga,8,Ronda I.-Campan,1,329,103,28,40.07,12.55,3.41,821,67.1,1244,44,191,53,7.56,32.82,9.11,1231,48.09,582
2906708002,67,Málaga,8,Ronda I.-Campan,2,152,60,11,34.55,13.64,2.5,440,55.07,812,31,93,40,9.54,28.62,12.31,816,40.44,325
2906708003,67,Málaga,8,Ronda I.-Campan,3,355,106,12,48.9,14.6,1.65,726,63.2,1157,37,205,48,7.69,42.62,9.98,1124,43.06,481
2906708004,67,Málaga,8,Ronda I.-Campan,4,132,135,28,26.14,26.73,5.54,505,41.8,1213,38,66,52,11.88,20.62,16.25,1179,27.23,320
2906708005,67,Málaga,8,Ronda I.-Campan,5,193,75,18,33.57,13.04,3.13,575,63.5,910,37,131,34,8.79,31.12,8.08,885,47.8,421
2906708006,67,Málaga,8,Ronda I.-Campan,6,384,179,36,35.13,16.38,3.29,1093,64.4,1705,60,187,91,9.1,28.38,13.81,1660,39.88,659
2906708007,67,Málaga,8,Ronda I.-Campan,7,311,132,17,36.63,15.55,2,849,63.84,1331,45,176,64,7.83,30.61,11.13,1351,42.64,575
2906708008,67,Málaga,8,Ronda I.-Campan,8,280,134,38,32.83,15.71,4.45,853,55.31,1555,63,154,66,10.96,26.78,11.48,1537,37.74,575
2906708009,67,Málaga,8,Ronda I.-Campan,9,175,69,10,39.24,15.47,2.24,446,63.89,700,18,112,44,5.37,33.43,13.13,710,47.32,335
2906708010,67,Málaga,8,Ronda I.-Campan,10,230,87,27,39.66,15,4.66,580,60.89,962,56,265,87,6.91,32.68,10.73,1903,43.09,811
2906708011,67,Málaga,8,Ronda I.-Campan,11,469,202,39,40.22,17.32,3.34,1166,62.19,1891,71,295,96,9.0,37.39,12.17,1873,42.5,789
2906708012,67,Málaga,8,Ronda I.-Campan,12,278,202,29,35.15,25.54,3.67,791,53.48,1488,57,134,89,12.21,28.69,19.06,1370,34.31,467
2906708013,67,Málaga,8,Ronda I.-Campan,13,370,158,42,37.56,16.04,4.26,985,64.66,1537,74,198,71,11.38,30.46,10.92,1564,41.94,650
2906708014,67,Málaga,8,Ronda I.-Campan,14,119,48,19,40.34,16.27,6.44,295,54.3,547,19,58,20,9.74,29.74,10.26,539,36.36,195
2906708015,67,Málaga,8,Ronda I.-Campan,15,207,124,26,30.4,18.21,3.82,681,48.56,1425,36,123,43,8.29,28.34,9.91,1349,32.69,434
2906708016,67,Málaga,8,Ronda I.-Campan,16,165,73,19,37.41,16.55,4.31,441,58.17,765,20,114,26,6.51,37.13,8.47,735,42.18,307
2906708017,67,Málaga,8,Ronda I.-Campan,17,256,150,49,27.47,16.09,5.26,932,56.74,1662,71,136,66,11.45,21.94,10.65,1614,38.85,620
2906708018,67,Málaga,8,Ronda I.-Campan,18,290,90,28,37.61,11.67,3.63,771,71.26,1090,29,181,48,5.47,34.15,9.06,1068,50.0,530
2906708019,67,Málaga,8,Ronda I.-Campan,19,134,70,22,29.19,15.25,4.79,459,55.04,839,25,72,45,8.77,25.26,15.79,833,34.45,285
2906708020,67,Málaga,8,Ronda I.-Campan,20,216,74,21,36.24,12.42,3.52,596,57.97,1032,21,111,36,5.38,28.46,9.23,1031,37.92,390
2906708021,67,Málaga,8,Ronda I.-Campan,21,266,77,17,37.57,10.88,2.4,708,62.98,1131,29,170,51,5.11,29.98,8.99,1128,50.53,567
2906708022,67,Málaga,8,Ronda I.-Campan,22,128,84,16,32.57,21.37,4.07,393,54.16,727,22,93,33,7.77,32.86,11.66,739,38.43,283
2906708023,67,Málaga,8,Ronda I.-Campan,23,144,94,18,26.72,17.44,3.34,539,57.69,940,34,105,46,8.37,25.86,11.33,960,42.5,406
2906708024,67,Málaga,8,Ronda I.-Campan,24,240,71,18,41.81,12.37,3.14,574,66.86,860,30,150,32,7.39,36.95,7.88,830,49.04,406
2906708025,67,Málaga,8,Ronda I.-Campan,25,241,40,14,45.99,7.63,2.67,524,64.56,818,27,164,24,6.98,42.38,6.2,804,48.51,387
2906708026,67,Málaga,8,Ronda I.-Campan,26,123,86,21,24.9,17.41,4.25,494,58.21,864,30,61,32,10.56,21.48,11.27,851,33.96,284
2906708027,67,Málaga,8,Ronda I.-Campan,27,,,,,,,,,,,,,,,,,,
2906708028,67,Málaga,8,Ronda I.-Campan,28,413,198,39,34.22,16.4,3.23,1207,63.72,1908,61,197,68,9.0,29.06,10.03,1718,39.76,678
2906708029,67,Málaga,8,Ronda I.-Campan,29,415,136,51,37.25,12.21,4.58,1114,65.15,1715,71,208,91,9.61,28.15,12.31,1665,44.5,739
2906708030,67,Málaga,8,Ronda I.-Campan,30,622,197,26,54.51,17.27,2.28,1141,66.51,1722,67,398,134,8.18,48.6,16.36,1706,48.18,819
2906708031,67,Málaga,8,Ronda I.-Campan,31,340,143,34,40.82,17.17,4.08,833,63.1,1328,51,186,67,9.32,34.0,12.25,1293,42.54,547
2906708032,67,Málaga,8,Ronda I.-Campan,32,216,87,20,38.1,15.34,3.53,567,58.15,979,38,123,31,10.19,32.98,8.31,976,38.32,373
2906708033,67,Málaga,8,Ronda I.-Campan,33,632,126,35,49.8,9.93,2.76,1269,73.08,1743,66,393,81,6.96,41.46,8.54,1673,56.9,948
2906708034,67,Málaga,8,Ronda I.-Campan,34,259,75,17,42.11,12.2,2.76,615,64.44,956,29,199,44,5.73,39.33,8.7,995,50.95,506
2906708035,67,Málaga,8,Ronda I.-Campan,35,265,128,24,36.01,17.39,3.26,736,67.61,1096,83,303,120,9.04,33.01,13.07,1966,47.0,918
2906708036,67,Málaga,8,Ronda I.-Campan,36,284,156,31,34.38,18.89,3.75,826,62.27,1331,62,145,52,11.27,26.36,9.45,1322,41.75,550
2906708037,67,Málaga,8,Ronda I.-Campan,37,297,82,21,46.92,12.95,3.32,633,71.65,883,27,210,39,5.84,45.45,8.44,875,52.8,462
2906708039,67,Málaga,8,Ronda I.-Campan,39,295,144,23,33.41,16.31,2.6,883,65.75,1348,58,186,64,9.25,29.67,10.21,1334,47.15,627
2906708040,67,Málaga,8,Ronda I.-Campan,40,435,218,52,37.47,18.78,4.48,1161,64.79,1797,71,216,123,9.47,28.8,16.4,1773,42.41,750
2906708041,67,Málaga,8,Ronda I.-Campan,41,283,119,21,35.6,14.97,2.64,795,65.79,1214,50,192,71,8.73,33.51,12.39,1221,47.17,573
2906708042,67,Málaga,8,Ronda I.-Campan,42,511,145,22,44.59,12.65,1.92,1146,70.02,1648,81,304,96,9.53,35.76,11.29,1652,51.82,850
2906708043,67,Málaga,8,Ronda I.-Campan,43,342,58,14,50,8.48,2.05,684,71.94,959,105,375,98,10.7,38.23,9.99,1902,52.05,981
2906708044,67,Málaga,8,Ronda I.-Campan,44,517,110,32,48.96,10.42,3.03,1056,72.9,1449,92,309,71,12.07,40.55,9.32,1412,53.97,762
2906708045,67,Málaga,8,Ronda I.-Campan,45,175,64,16,38.55,14.1,3.52,454,73.31,619,43,133,25,11.85,36.64,6.89,619,58.64,363
2906708046,67,Málaga,8,Ronda I.-Campan,46,212,91,20,36.36,15.61,3.43,583,57.45,1039,28,112,32,8.19,32.75,9.36,1013,34.55,342
2906708047,67,Málaga,8,Ronda I.-Campan,47,248,61,22,41.89,10.3,3.72,592,64.26,926,30,147,46,6.85,33.56,10.5,933,47.16,438
2906708048,67,Málaga,8,Ronda I.-Campan,48,171,31,10,44.53,8.07,2.6,384,68.01,566,27,117,15,9.0,39.0,5.0,563,53.46,300
2906708049,67,Málaga,8,Ronda I.-Campan,49,181,80,15,32.85,14.52,2.72,551,62.21,889,21,133,20,5.83,36.94,5.56,871,41.45,360
2906708050,67,Málaga,8,Ronda I.-Campan,50,61,40,8,28.64,18.78,3.76,213,20.79,1025,14,43,12,10.69,32.82,9.16,922,14.21,131
2906708051,67,Málaga,8,Ronda I.-Campan,51,182,48,18,41.27,10.88,4.08,441,75.38,586,28,129,27,8.78,40.44,8.46,577,55.46,319
2906708052,67,Málaga,8,Ronda I.-Campan,52,290,88,23,40.62,12.32,3.22,714,64.46,1122,42,203,45,7.57,36.58,8.11,1133,49.6,555
2906708053,67,Málaga,8,Ronda I.-Campan,53,164,42,13,29.5,7.55,2.34,556,67.47,829,20,116,24,4.81,27.88,5.77,811,51.54,416
2906708054,67,Málaga,8,Ronda I.-Campan,54,293,132,20,35.17,15.85,2.4,833,64.63,1301,69,310,81,8.39,37.71,9.85,1896,43.78,822
2906708055,67,Málaga,8,Ronda I.-Campan,55,286,156,35,32.5,17.73,3.98,880,64.28,1381,44,160,72,7.67,27.87,12.54,1332,43.47,574
2906708056,67,Málaga,8,Ronda I.-Campan,56,366,95,22,41.22,10.7,2.48,888,73.87,1221,64,190,54,10.87,32.26,9.17,1170,51.11,589
2906708057,67,Málaga,8,Ronda I.-Campan,57,441,105,21,50,11.9,2.38,882,74.58,1189,65,461,115,5.81,41.23,10.29,1984,56.65,1118
2906708058,67,Málaga,8,Ronda I.-Campan,58,658,142,21,56.58,12.21,1.81,1163,75.93,1542,76,368,110,9.05,43.81,13.1,1492,56.7,840
2906708059,67,Málaga,8,Ronda I.-Campan,59,554,149,18,50.32,13.53,1.63,1101,72.72,1524,69,295,87,9.16,39.18,11.55,1490,50.87,753
2906708060,67,Málaga,8,Ronda I.-Campan,60,257,76,17,41.86,12.38,2.77,614,70.76,868,36,163,54,7.95,35.98,11.92,892,50.78,453
2906708061,67,Málaga,8,Ronda I.-Campan,61,642,179,40,47.77,13.32,2.98,1344,71.02,1892,82,352,104,9.2,39.51,11.67,1834,48.58,891
2906708062,67,Málaga,8,Ronda I.-Campan,62,247,73,15,42.29,12.5,2.57,584,70.12,834,49,150,42,11.01,33.71,9.44,859,51.92,445
2906708063,67,Málaga,8,Ronda I.-Campan,63,517,93,31,50,8.99,3,1034,75.73,1373,63,303,56,8.73,41.97,7.76,1253,57.94,722
2906708064,67,Málaga,8,Ronda I.-Campan,64,266,123,16,35.95,16.62,2.16,740,69.49,1069,0,159,51,0.0,31.99,10.26,1052,47.43,497
2906708065,67,Málaga,8,Ronda I.-Campan,65,637,147,42,50.36,11.62,3.32,1265,79.8,1591,75,352,73,9.05,42.46,8.81,1520,54.74,829
2906708066,67,Málaga,8,Ronda I.-Campan,66,281,175,55,28.07,17.48,5.49,1001,58.1,1740,64,141,64,10.68,23.54,10.68,1682,35.97,599
2906708067,67,Málaga,8,Ronda I.-Campan,67,389,94,21,46.42,11.22,2.51,838,70.01,1201,52,230,58,9.11,40.28,10.16,1198,47.83,571
2906708068,67,Málaga,8,Ronda I.-Campan,68,433,104,38,46.91,11.27,4.12,923,74.38,1253,63,212,70,10.38,34.93,11.53,1192,51.43,607
2906708069,67,Málaga,8,Ronda I.-Campan,69,444,120,20,44.09,11.92,1.99,1007,72.72,1386,68,255,59,9.6,36.02,8.33,1336,53.07,708
2906708070,67,Málaga,8,Ronda I.-Campan,70,390,105,14,45.88,12.35,1.65,850,73.14,1166,74,250,66,11.09,37.48,9.9,1248,53.61,667
2906708071,67,Málaga,8,Ronda I.-Campan,71,478,100,19,59.09,12.36,2.35,809,77.62,1049,52,303,70,8.51,49.59,11.46,982,62.63,611
2906708072,67,Málaga,8,Ronda I.-Campan,72,214,118,26,33.44,18.44,4.06,640,53.87,1203,53,104,66,12.77,25.06,15.9,1188,35.35,415
2906708073,67,Málaga,8,Ronda I.-Campan,73,177,90,28,30.78,15.65,4.87,575,53.64,1081,28,97,42,7.65,26.5,11.48,1073,34.39,366
2906708074,67,Málaga,8,Ronda I.-Campan,74,363,99,23,47.14,12.86,2.99,770,69.28,1119,35,164,62,7.61,35.65,13.48,1021,45.35,460
2906708075,67,Málaga,8,Ronda I.-Campan,75,512,110,25,52.51,11.28,2.56,975,75.38,1305,52,244,51,9.12,42.81,8.95,1128,50.98,570
2906708076,67,Málaga,8,Ronda I.-Campan,76,652,161,29,52.71,13.02,2.34,1237,75.27,1654,107,392,103,11.61,42.52,11.17,1570,59.11,922
2906708077,67,Málaga,8,Ronda I.-Campan,77,319,70,21,47.97,10.53,3.16,665,72.68,920,,,,,,,,,
2906708078,67,Málaga,8,Ronda I.-Campan,78,250,78,16,38.46,12,2.46,650,67.28,972,,,,,,,,,
2906708079,67,Málaga,8,Ronda I.-Campan,79,252,98,25,39.25,15.26,3.89,642,72.37,893,,,,,,,,,
2906708080,67,Málaga,8,Ronda I.-Campan,80,133,68,11,32.05,16.39,2.65,415,64.92,642,,,,,,,,,
2906708081,67,Málaga,8,Ronda I.-Campan,81,313,94,18,45.96,13.8,2.64,681,68.42,1001,,,,,,,,,
2906709001,67,Málaga,9,Málaga-Oeste,1,418,64,7,63.91,9.79,1.07,654,72.76,906,34,310,60,6.06,55.26,10.7,912,61.95,561
2906709002,67,Málaga,9,Málaga-Oeste,2,439,82,15,68.59,12.81,2.34,640,78.9,814,42,338,71,7.78,62.59,13.15,797,68.01,540
2906709003,67,Málaga,9,Málaga-Oeste,3,654,101,17,61.12,9.44,1.59,1070,78.5,1368,24,496,78,2.7,55.86,8.78,1393,63.96,888
2906709004,67,Málaga,9,Málaga-Oeste,4,371,82,25,48.88,10.8,3.29,759,67.67,1130,39,285,58,6.21,45.38,9.24,1145,55.28,628
2906709005,67,Málaga,9,Málaga-Oeste,5,338,58,10,59.19,10.16,1.75,571,76.91,744,39,237,52,8.21,49.89,10.95,747,63.72,475
2906709006,67,Málaga,9,Málaga-Oeste,6,522,94,16,57.36,10.33,1.76,910,72.25,1265,38,370,80,5.15,50.14,10.84,1272,58.25,738
2906709007,67,Málaga,9,Málaga-Oeste,7,675,123,18,51.88,9.45,1.38,1301,71.91,1813,63,464,96,6.16,45.36,9.38,1812,56.57,1023
2906709008,67,Málaga,9,Málaga-Oeste,8,262,74,8,49.72,14.04,1.52,527,64.52,818,24,171,45,6.02,42.86,11.28,837,47.79,399
2906709009,67,Málaga,9,Málaga-Oeste,9,166,73,15,33.95,14.93,3.07,489,62.36,786,30,114,34,8.06,30.65,9.14,753,49.54,372
2906709010,67,Málaga,9,Málaga-Oeste,10,384,77,12,50.66,10.16,1.58,758,71.47,1068,21,295,61,3.24,45.45,9.4,1121,58.25,649
2906709011,67,Málaga,9,Málaga-Oeste,11,374,130,17,40.87,14.21,1.86,915,65.58,1407,43,241,82,6.19,34.68,11.8,1427,49.12,695
2906709012,67,Málaga,9,Málaga-Oeste,12,268,112,23,32.92,13.76,2.83,814,63.93,1290,35,149,51,6.49,27.64,9.46,1189,45.92,539
2906709013,67,Málaga,9,Málaga-Oeste,13,294,96,36,38.23,12.48,4.68,769,62.91,1226,35,123,43,10.29,36.18,12.65,729,46.78,340
2906709014,67,Málaga,9,Málaga-Oeste,14,170,78,15,34,15.6,3,500,63.43,795,26,116,45,6.58,29.37,11.39,802,49.63,395
2906709015,67,Málaga,9,Málaga-Oeste,15,122,42,6,35.67,12.28,1.75,342,64.3,533,4,89,37,1.44,32.13,13.36,532,52.26,277
2906709016,67,Málaga,9,Málaga-Oeste,16,136,62,12,33.17,15.12,2.93,410,62.9,652,22,85,33,8.09,31.25,12.13,673,40.42,272
2906709017,67,Málaga,9,Málaga-Oeste,17,141,58,10,35.61,14.65,2.53,396,60.48,661,19,94,29,6.64,32.87,10.14,658,43.92,286
2906709018,67,Málaga,9,Málaga-Oeste,18,172,82,13,34.61,16.5,2.62,497,59.74,840,28,99,51,7.35,25.98,13.39,833,46.22,381
2906709019,67,Málaga,9,Málaga-Oeste,19,146,65,17,36.32,16.17,4.23,402,58.86,683,29,108,46,9.03,33.64,14.33,653,49.16,321
2906709020,67,Málaga,9,Málaga-Oeste,20,126,62,11,30.73,15.12,2.68,410,58.36,713,15,79,26,5.32,28.01,9.22,707,40.45,282
2906709021,67,Málaga,9,Málaga-Oeste,21,248,86,9,37.29,12.93,1.35,665,67.2,994,19,168,39,3.96,35.0,8.12,1005,47.96,480
2906709022,67,Málaga,9,Málaga-Oeste,22,147,53,15,31.61,11.4,3.23,465,63.38,735,25,81,27,7.96,25.8,8.6,759,41.5,314
2906709023,67,Málaga,9,Málaga-Oeste,23,224,94,20,31.91,13.39,2.85,702,65.74,1077,38,153,49,7.74,31.16,9.98,1088,45.5,491
2906709024,67,Málaga,9,Málaga-Oeste,24,137,63,6,41.14,18.92,1.8,333,41.96,796,17,98,40,6.91,39.84,16.26,790,31.27,246
2906709025,67,Málaga,9,Málaga-Oeste,25,103,127,25,20.4,25.15,4.95,505,37.67,1354,28,59,46,9.06,19.09,14.89,1342,23.25,309
2906709026,67,Málaga,9,Málaga-Oeste,26,117,78,22,29.25,19.5,5.5,400,61.75,648,14,71,35,5.0,25.36,12.5,656,42.68,280
2906709027,67,Málaga,9,Málaga-Oeste,27,143,102,15,27.13,19.35,2.85,527,47.74,1110,18,86,47,4.96,23.69,12.95,1100,33.18,363
2906709028,67,Málaga,9,Málaga-Oeste,28,338,83,9,49.93,12.26,1.33,677,74.34,912,31,233,59,6.08,45.69,11.57,910,56.15,510
2906709029,67,Málaga,9,Málaga-Oeste,29,162,113,39,26.87,18.74,6.47,603,50.12,1203,47,99,41,12.27,25.85,10.7,1158,33.07,383
2906709030,67,Málaga,9,Málaga-Oeste,30,,,,,,,,,,,,,,,,,,
2906709031,67,Málaga,9,Málaga-Oeste,31,96,52,25,24.24,13.13,6.31,396,54.34,731,21,57,22,7.09,19.26,7.43,713,41.65,296
2906709032,67,Málaga,9,Málaga-Oeste,32,124,58,23,33.6,15.72,6.23,369,59.46,626,28,68,30,10.94,26.56,11.72,632,40.82,256
2906709033,67,Málaga,9,Málaga-Oeste,33,179,76,14,35.24,14.96,2.76,508,60.99,838,26,115,36,6.7,29.64,9.28,842,46.32,388
2906709034,67,Málaga,9,Málaga-Oeste,34,178,92,21,28.03,14.49,3.31,635,60.51,1049,43,103,45,9.91,23.73,10.37,1047,41.45,434
2906709036,67,Málaga,9,Málaga-Oeste,36,353,97,21,43.58,11.98,2.59,810,66.86,1219,35,253,60,5.56,40.16,9.52,1220,51.97,630
2906709037,67,Málaga,9,Málaga-Oeste,37,133,52,14,32.76,12.81,3.45,406,57.24,715,29,91,25,9.7,30.43,8.36,699,43.06,299
2906709038,67,Málaga,9,Málaga-Oeste,38,345,68,12,47.33,9.33,1.65,729,65.5,1121,22,274,56,3.81,47.4,9.69,1097,53.05,578
2906709039,67,Málaga,9,Málaga-Oeste,39,275,65,13,46.53,11,2.2,591,69.35,854,20,171,51,4.29,36.7,10.94,843,55.4,466
2906709040,67,Málaga,9,Málaga-Oeste,40,244,78,19,45.86,14.66,3.57,532,60.57,880,26,172,52,6.4,42.36,12.81,832,48.92,406
2906709041,67,Málaga,9,Málaga-Oeste,41,87,64,3,30.42,22.38,1.05,286,39.37,737,5,40,21,3.33,26.67,14.0,725,20.97,150
2906709042,67,Málaga,9,Málaga-Oeste,42,99,52,7,33.56,17.63,2.37,295,55.62,539,7,60,20,3.61,30.93,10.31,524,37.6,194
2906709043,67,Málaga,9,Málaga-Oeste,43,221,85,11,33.18,12.76,1.65,666,59.84,1125,19,142,40,3.93,29.4,8.28,1130,43.19,483
2906709044,67,Málaga,9,Málaga-Oeste,44,,,,,,,,,,,,,,,,,,
2906709045,67,Málaga,9,Málaga-Oeste,45,292,87,12,49.91,14.87,2.05,585,68.58,854,31,234,42,6.92,52.23,9.38,845,53.14,448
2906709046,67,Málaga,9,Málaga-Oeste,46,447,92,18,51.09,10.51,2.06,875,71.14,1241,37,363,55,5.3,52.01,7.88,1220,57.7,698
2906709047,67,Málaga,9,Málaga-Oeste,47,192,58,11,41.56,12.55,2.38,462,65.16,709,22,116,35,6.67,35.15,10.61,672,49.11,330
2906709048,67,Málaga,9,Málaga-Oeste,48,119,48,8,35.31,14.24,2.37,337,62.43,543,13,69,23,6.13,32.55,10.85,523,40.73,212
2906709049,67,Málaga,9,Málaga-Oeste,49,117,52,11,31.62,14.05,2.97,370,62.86,593,18,79,28,6.5,28.52,10.11,595,46.89,277
2906709050,67,Málaga,9,Málaga-Oeste,50,147,69,16,33.33,15.65,3.63,441,56.85,776,25,98,36,7.35,28.82,10.59,774,43.93,340
2906709051,67,Málaga,9,Málaga-Oeste,51,134,56,10,34.72,14.51,2.59,386,54.13,713,17,90,26,6.42,33.96,9.81,748,35.43,265
2906709052,67,Málaga,9,Málaga-Oeste,52,305,107,19,40.03,14.04,2.49,762,60.27,1273,36,217,72,5.99,36.11,11.98,1267,47.75,601
2906709053,67,Málaga,9,Málaga-Oeste,53,551,85,4,65.13,10.05,0.47,846,78.2,1090,32,437,58,4.43,60.44,8.02,1068,68.16,723
2906709055,67,Málaga,9,Málaga-Oeste,55,282,69,11,39.94,9.77,1.56,706,67.42,1058,30,208,63,5.2,36.05,10.92,1067,54.64,577
2906709056,67,Málaga,9,Málaga-Oeste,56,334,55,22,45.82,7.54,3.02,729,71.21,1025,29,200,37,5.75,39.68,7.34,1011,49.95,504
2906709057,67,Málaga,9,Málaga-Oeste,57,,,,,,,,,,11,63,21,5.07,29.03,9.68,520,42.12,217
2906709058,67,Málaga,9,Málaga-Oeste,58,161,52,12,36.43,11.76,2.71,442,61.51,727,21,118,28,6.36,35.76,8.48,716,46.65,330
2906709059,67,Málaga,9,Málaga-Oeste,59,213,80,24,32.13,12.07,3.62,663,66.53,1004,42,161,47,8.14,31.2,9.11,999,52.05,516
2906709062,67,Málaga,9,Málaga-Oeste,62,180,40,14,40.72,9.05,3.17,442,70.66,628,21,131,23,5.77,35.99,6.32,634,57.73,364
2906709063,67,Málaga,9,Málaga-Oeste,63,192,63,12,42.11,13.82,2.63,456,69.3,667,9,153,40,2.46,41.8,10.93,655,56.64,366
2906709064,67,Málaga,9,Málaga-Oeste,64,265,79,9,43.23,12.89,1.47,613,64.2,960,29,196,40,6.11,41.26,8.42,943,50.58,475
2906709065,67,Málaga,9,Málaga-Oeste,65,247,43,8,59.81,10.41,1.94,413,70.15,589,22,186,31,6.63,56.02,9.34,574,57.84,332
2906709067,67,Málaga,9,Málaga-Oeste,67,308,76,14,45.63,11.26,2.07,675,69.14,985,32,234,65,5.73,41.94,11.65,1008,55.85,558
2906709068,67,Málaga,9,Málaga-Oeste,68,187,47,2,43.79,11.01,0.47,427,67.87,637,14,150,40,3.73,40.0,10.67,677,55.98,375
2906709070,67,Málaga,9,Málaga-Oeste,70,146,59,15,36.96,14.94,3.8,395,68.72,582,27,99,31,8.77,32.14,10.06,587,53.15,308
2906709075,67,Málaga,9,Málaga-Oeste,75,201,49,4,51.67,12.6,1.03,389,64.58,604,13,139,33,4.25,45.42,10.78,586,52.39,306
2906709076,67,Málaga,9,Málaga-Oeste,76,318,93,6,46.9,13.72,0.88,678,57.78,1175,29,211,67,5.49,39.96,12.69,1201,44.05,528
2906709077,67,Málaga,9,Málaga-Oeste,77,135,42,8,38.24,11.9,2.27,353,67.95,521,21,102,25,7.89,38.35,9.4,525,50.86,266
2906709080,67,Málaga,9,Málaga-Oeste,80,300,25,7,60.36,5.03,1.41,497,79.49,626,12,213,32,3.01,53.38,8.02,617,64.83,399
2906709082,67,Málaga,9,Málaga-Oeste,82,177,66,12,40.6,15.14,2.75,436,64.64,676,17,125,41,5.38,39.56,12.97,670,47.31,316
2906709083,67,Málaga,9,Málaga-Oeste,83,363,88,14,44.27,10.73,1.71,820,68.92,1193,37,260,56,5.61,39.39,8.48,1209,54.76,660
2906709084,67,Málaga,9,Málaga-Oeste,84,211,89,22,34.03,14.35,3.55,620,67.21,930,44,137,52,9.46,29.46,11.18,922,50.87,465
2906710001,67,Málaga,10,Carretera Cádiz,1,309,118,26,35.6,13.59,3,868,59.66,1465,49,172,69,7.89,27.7,11.11,1463,42.72,621
2906710002,67,Málaga,10,Carretera Cádiz,2,368,174,41,35.59,16.83,3.97,1034,58.75,1767,78,212,105,10.46,28.42,14.08,1780,42.08,746
2906710003,67,Málaga,10,Carretera Cádiz,3,539,110,16,52.18,10.65,1.55,1033,75.04,1383,50,385,64,6.08,46.78,7.78,1370,60.36,823
2906710004,67,Málaga,10,Carretera Cádiz,4,143,63,15,30.23,13.32,3.17,473,59.75,798,27,89,24,8.33,27.47,7.41,808,40.47,324
2906710005,67,Málaga,10,Carretera Cádiz,5,140,77,18,31.18,17.15,4.01,449,56.53,796,20,95,52,6.01,28.53,15.62,792,42.17,333
2906710006,67,Málaga,10,Carretera Cádiz,6,133,49,22,33,12.16,5.46,403,64.27,633,27,71,28,10.0,26.3,10.37,620,44.03,270
2906710007,67,Málaga,10,Carretera Cádiz,7,112,61,16,29.09,15.84,4.16,385,54.41,715,23,68,40,8.39,24.82,14.6,708,39.12,274
2906710008,67,Málaga,10,Carretera Cádiz,8,149,50,18,36.88,12.38,4.46,404,59.62,678,21,110,28,6.69,35.03,8.92,666,47.15,314
2906710009,67,Málaga,10,Carretera Cádiz,9,251,84,18,40.48,13.55,2.9,620,66.99,926,38,170,54,7.93,35.49,11.27,927,51.67,479
2906710010,67,Málaga,10,Carretera Cádiz,10,145,117,21,24.91,20.1,3.61,582,50.65,1159,31,102,38,8.01,26.36,9.82,1131,34.48,387
2906710011,67,Málaga,10,Carretera Cádiz,11,86,124,13,20,28.84,3.02,430,53.22,817,26,51,46,10.0,19.62,17.69,778,33.8,260
2906710012,67,Málaga,10,Carretera Cádiz,12,104,55,8,32.2,17.03,2.48,323,55.33,584,3,78,22,1.32,34.21,9.65,587,38.84,228
2906710013,67,Málaga,10,Carretera Cádiz,13,140,84,12,29.17,17.5,2.5,480,48.25,1018,13,62,38,4.28,20.39,12.5,1025,30.34,304
2906710014,67,Málaga,10,Carretera Cádiz,14,203,93,26,33.12,15.17,4.24,613,66.59,921,31,142,40,6.98,31.98,9.01,928,47.84,444
2906710015,67,Málaga,10,Carretera Cádiz,15,201,84,21,31.8,13.29,3.32,632,59.63,1062,37,116,49,7.76,24.32,10.27,1033,46.27,477
2906710016,67,Málaga,10,Carretera Cádiz,16,283,102,14,33.81,12.19,1.67,837,63.87,1317,32,191,55,5.64,33.69,9.7,1304,43.71,567
2906710017,67,Málaga,10,Carretera Cádiz,17,169,84,21,33.33,16.57,4.14,507,59.93,848,34,105,46,9.71,30.0,13.14,867,40.48,350
2906710018,67,Málaga,10,Carretera Cádiz,18,246,91,14,37.22,13.77,2.12,661,61.19,1082,24,155,56,4.95,31.96,11.55,1121,43.35,485
2906710019,67,Málaga,10,Carretera Cádiz,19,476,127,12,46.48,12.4,1.17,1024,75.86,1355,52,310,83,6.72,40.05,10.72,1352,57.47,774
2906710020,67,Málaga,10,Carretera Cádiz,20,179,55,18,33.58,10.32,3.38,533,65.01,823,17,95,29,4.89,27.3,8.33,789,44.23,348
2906710021,67,Málaga,10,Carretera Cádiz,21,308,158,45,38.55,19.77,5.63,799,66.75,1201,54,159,80,11.64,34.27,17.24,1158,40.24,464
2906710022,67,Málaga,10,Carretera Cádiz,22,215,77,17,34.73,12.44,2.75,619,63.39,986,14,122,32,3.53,30.73,8.06,982,40.84,397
2906710023,67,Málaga,10,Carretera Cádiz,23,402,125,21,40.9,12.72,2.14,983,68.7,1440,72,254,65,9.29,32.77,8.39,1441,54.13,775
2906710026,67,Málaga,10,Carretera Cádiz,26,323,95,18,39.1,11.5,2.18,826,73.96,1128,26,227,71,3.94,34.39,10.76,1146,58.12,660
2906710027,67,Málaga,10,Carretera Cádiz,27,115,48,11,33.24,13.87,3.18,346,59.86,581,11,82,37,3.83,28.57,12.89,582,49.66,287
2906710028,67,Málaga,10,Carretera Cádiz,28,115,86,22,23,17.2,4.4,500,50.1,1002,22,68,39,6.85,21.18,12.15,1000,32.2,321
2906710029,67,Málaga,10,Carretera Cádiz,29,175,87,22,31.76,15.79,3.99,551,60.74,919,22,126,41,5.47,31.34,10.2,913,44.58,402
2906710030,67,Málaga,10,Carretera Cádiz,30,159,50,8,33.69,10.59,1.69,472,68.2,692,29,98,24,9.09,30.72,7.52,683,46.71,319
2906710031,67,Málaga,10,Carretera Cádiz,31,257,80,18,34.87,10.85,2.44,737,64.86,1142,41,162,30,8.02,31.7,5.87,1098,46.81,511
2906710032,67,Málaga,10,Carretera Cádiz,32,200,59,15,37.81,11.15,2.84,529,59.84,896,21,130,38,5.65,34.95,10.22,882,42.74,372
2906710033,67,Málaga,10,Carretera Cádiz,33,183,76,21,32.85,13.64,3.77,557,58.39,964,23,103,41,5.96,26.68,10.62,963,40.5,386
2906710034,67,Málaga,10,Carretera Cádiz,34,406,149,35,36.02,13.22,3.11,1127,66.9,1697,64,229,95,7.98,28.55,11.85,1675,48.24,802
2906710035,67,Málaga,10,Carretera Cádiz,35,200,65,20,31.2,10.14,3.12,641,63.25,1020,11,122,37,2.41,26.7,8.1,996,46.18,457
2906710036,67,Málaga,10,Carretera Cádiz,36,223,50,9,44.96,10.08,1.81,496,76.58,649,23,162,37,5.72,40.3,9.2,639,63.07,402
2906710037,67,Málaga,10,Carretera Cádiz,37,145,58,12,30.46,12.18,2.52,476,71.81,670,21,93,23,5.87,25.98,6.42,683,53.0,358
2906710038,67,Málaga,10,Carretera Cádiz,38,174,68,14,35.88,14.02,2.89,485,58.84,836,30,111,27,8.52,31.53,7.67,822,43.43,352
2906710039,67,Málaga,10,Carretera Cádiz,39,113,58,11,31.48,16.16,3.06,359,61.46,591,10,81,19,3.86,31.27,7.34,591,44.33,259
2906710040,67,Málaga,10,Carretera Cádiz,40,252,57,15,43,9.73,2.56,586,66.82,884,28,174,52,5.65,35.08,10.48,919,54.41,496
2906710041,67,Málaga,10,Carretera Cádiz,41,132,87,17,25.1,16.54,3.23,526,57.62,918,14,92,46,3.74,24.6,12.3,905,41.55,374
2906710042,67,Málaga,10,Carretera Cádiz,42,105,52,3,28.38,14.05,0.81,370,64.09,579,11,65,26,4.2,24.81,9.92,572,45.98,262
2906710043,67,Málaga,10,Carretera Cádiz,43,212,104,35,31.98,15.69,5.28,663,59.36,1132,24,113,57,5.61,26.4,13.32,1139,38.1,428
2906710044,67,Málaga,10,Carretera Cádiz,44,122,65,10,28.05,14.94,2.3,435,52.65,832,23,72,33,7.54,23.61,10.82,804,38.18,305
2906710045,67,Málaga,10,Carretera Cádiz,45,89,46,14,24.59,12.71,3.87,362,49.59,746,11,48,16,5.14,22.43,7.48,727,30.12,214
2906710046,67,Málaga,10,Carretera Cádiz,46,264,96,15,40.12,14.59,2.28,658,69.36,959,29,178,41,5.98,36.7,8.45,946,51.8,485
2906710047,67,Málaga,10,Carretera Cádiz,47,89,68,7,27.05,20.67,2.13,329,52.37,634,22,56,18,9.44,24.03,7.73,638,36.83,233
2906710048,67,Málaga,10,Carretera Cádiz,48,110,44,13,29.1,11.64,3.44,378,62.5,622,20,65,13,8.06,26.21,5.24,606,42.08,248
2906710049,67,Málaga,10,Carretera Cádiz,49,209,71,15,32.15,10.92,2.31,650,64.15,1018,23,104,26,5.35,24.19,6.05,910,47.47,430
2906710050,67,Málaga,10,Carretera Cádiz,50,270,77,19,45.61,13.01,3.21,592,67.27,890,19,195,53,4.21,43.24,11.75,893,51.06,451
2906710051,67,Málaga,10,Carretera Cádiz,51,229,84,8,39.28,14.41,1.37,583,67.79,864,16,168,39,3.58,37.58,8.72,896,50.11,447
2906710052,67,Málaga,10,Carretera Cádiz,52,356,113,21,36.36,11.54,2.15,979,73.44,1339,44,221,60,5.79,29.08,7.89,1361,56.06,760
2906710053,67,Málaga,10,Carretera Cádiz,53,169,79,12,29.96,14.01,2.13,564,63.23,900,25,111,35,6.01,26.68,8.41,888,47.3,416
2906710054,67,Málaga,10,Carretera Cádiz,54,108,46,16,29.11,12.4,4.31,371,61.18,608,17,69,29,6.72,27.27,11.46,597,42.55,253
2906710055,67,Málaga,10,Carretera Cádiz,55,121,44,20,32.79,11.92,5.42,369,57.76,641,27,79,32,9.85,28.83,11.68,611,45.01,274
2906710056,67,Málaga,10,Carretera Cádiz,56,439,68,9,48.03,7.44,0.98,914,80.14,1145,30,288,71,4.06,38.97,9.61,1169,63.47,739
2906710057,67,Málaga,10,Carretera Cádiz,57,325,84,12,44.95,11.62,1.66,723,75.38,964,30,263,51,4.98,43.62,8.46,978,61.96,603
2906710059,67,Málaga,10,Carretera Cádiz,59,123,66,25,28.28,15.17,5.75,435,68.55,639,26,64,47,8.52,20.98,15.41,642,47.82,305
2906710060,67,Málaga,10,Carretera Cádiz,60,100,39,5,28.17,10.99,1.41,355,64.02,559,15,64,14,6.0,25.6,5.6,590,42.71,250
2906710061,67,Málaga,10,Carretera Cádiz,61,102,51,9,29.06,14.53,2.56,351,47.32,752,11,44,31,5.19,20.75,14.62,741,29.01,212
2906710062,67,Málaga,10,Carretera Cádiz,62,305,69,17,43.2,9.77,2.41,706,75.74,937,29,220,45,5.07,38.46,7.87,949,60.59,572
2906710063,67,Málaga,10,Carretera Cádiz,63,163,68,21,33.82,14.11,4.36,482,59.17,821,27,102,40,8.18,30.91,12.12,809,41.16,330
2906710064,67,Málaga,10,Carretera Cádiz,64,195,64,13,32.99,10.83,2.2,591,68.28,882,33,122,38,7.6,28.11,8.76,854,51.76,434
2906710065,67,Málaga,10,Carretera Cádiz,65,129,49,8,34.77,13.21,2.16,371,61.75,602,20,75,26,7.63,28.63,9.92,598,43.98,262
2906710066,67,Málaga,10,Carretera Cádiz,66,397,102,14,48.77,12.53,1.72,814,67.27,1217,49,225,59,8.17,37.5,9.83,1189,50.8,600
2906710067,67,Málaga,10,Carretera Cádiz,67,208,61,26,36.75,10.78,4.59,566,66.05,861,38,154,40,8.7,35.24,9.15,856,51.29,437
2906710068,67,Málaga,10,Carretera Cádiz,68,361,140,31,36.58,14.18,3.14,987,72.97,1372,46,231,64,6.7,33.62,9.32,1356,51.4,687
2906710069,67,Málaga,10,Carretera Cádiz,69,571,139,27,52.39,12.75,2.48,1090,73.59,1483,69,368,84,8.36,44.61,10.18,1469,56.23,825
2906710070,67,Málaga,10,Carretera Cádiz,70,555,133,40,49.29,11.81,3.55,1126,74.1,1524,54,374,75,6.5,45.01,9.03,1456,57.21,831
2906710071,67,Málaga,10,Carretera Cádiz,71,653,164,24,51.38,12.9,1.89,1271,74.85,1703,56,448,101,5.7,45.62,10.29,1689,58.32,982
2906710072,67,Málaga,10,Carretera Cádiz,72,442,75,11,55.74,9.46,1.39,793,78.81,1011,46,259,55,8.08,45.52,9.67,986,58.01,569
2906710073,67,Málaga,10,Carretera Cádiz,73,315,61,9,54.78,10.61,1.57,575,75.96,758,28,240,46,5.73,49.08,9.41,766,63.97,489
2906710074,67,Málaga,10,Carretera Cádiz,74,260,92,22,38.98,13.79,3.3,667,64.93,1037,26,165,52,5.66,35.95,11.33,1037,44.65,459
2906710075,67,Málaga,10,Carretera Cádiz,75,414,92,22,48.53,10.79,2.58,853,72.69,1183,50,260,65,8.09,42.07,10.52,1148,54.27,618
2906711001,67,Málaga,11,Churriana,1,230,83,22,45.01,16.24,4.31,511,63.67,807,37,156,49,9.44,39.8,12.5,801,49.19,392
2906711002,67,Málaga,11,Churriana,2,212,80,23,33.49,12.64,3.63,633,65.85,973,50,233,77,6.37,29.68,9.81,1873,42.45,785
2906711003,67,Málaga,11,Churriana,3,379,131,23,44.85,15.5,2.72,845,68.62,1242,71,326,104,8.29,38.08,12.15,1864,46.3,856
2906711004,67,Málaga,11,Churriana,4,548,165,30,51.07,15.38,2.8,1073,68.1,1583,80,344,114,10.19,43.82,14.52,1501,52.56,785
2906711005,67,Málaga,11,Churriana,5,168,71,17,33.07,13.98,3.35,508,61.58,833,27,102,26,8.13,30.72,7.83,815,41.1,332
2906711006,67,Málaga,11,Churriana,6,258,171,40,27.13,17.98,4.21,951,59.07,1615,54,163,68,8.6,25.96,10.83,1480,42.57,628
2906711007,67,Málaga,11,Churriana,7,420,172,49,41.71,17.08,4.87,1007,67,1510,75,222,77,11.9,35.24,12.22,1438,44.02,630
2906711008,67,Málaga,11,Churriana,8,354,81,21,50.21,11.49,2.98,705,74.24,952,44,270,63,7.41,45.45,10.61,970,61.44,594
2906711009,67,Málaga,11,Churriana,9,162,107,41,25.27,16.69,6.4,641,58.44,1097,48,104,47,10.28,22.27,10.06,1092,42.77,467
2906711010,67,Málaga,11,Churriana,10,439,142,36,47.93,15.5,3.93,916,65.49,1409,50,260,97,7.63,39.69,14.81,1355,48.71,655
2906711011,67,Málaga,11,Churriana,11,260,74,19,39.45,11.23,2.88,659,71.86,917,32,161,43,6.91,34.77,9.29,916,50.55,463
2906711012,67,Málaga,11,Churriana,12,159,110,24,31.74,21.96,4.79,501,56.92,891,32,70,33,11.94,26.12,12.31,810,33.46,268
2906711013,67,Málaga,11,Churriana,13,339,102,27,44.55,13.4,3.55,761,70.61,1083,55,242,68,9.06,39.87,11.2,1109,55.0,607
2906711014,67,Málaga,11,Churriana,14,181,86,17,31.98,15.19,3,566,61.56,924,,,,,,,,,
2906711015,67,Málaga,11,Churriana,15,167,72,6,38.13,16.44,1.37,438,63.13,697,,,,,,,,,
2906801001,68,Manilva,1,,1,383,230,32,37.7,22.64,3.15,1016,59.09,1740,50,229,101,8.49,38.88,17.15,1694,35.18,589
2906801002,68,Manilva,1,,2,226,112,24,37.05,18.36,3.93,610,66.13,933,24,120,58,6.82,34.09,16.48,927,38.4,352
2906801003,68,Manilva,1,,3,302,157,34,40.48,21.05,4.56,746,57.67,1307,38,199,60,8.24,43.17,13.02,1350,34.52,461
2906801004,68,Manilva,1,,4,205,98,17,37.89,18.11,3.14,541,54.38,999,21,116,33,7.07,39.06,11.11,994,29.98,297
2906801005,68,Manilva,1,,5,303,124,28,46.69,19.11,4.31,649,56.62,1162,54,188,76,11.23,39.09,15.8,1188,41.08,481
2906801006,68,Manilva,1,,6,402,236,50,39.92,23.44,4.97,1007,59.52,1702,54,261,103,8.6,41.56,16.4,1753,36.05,628
2906801007,68,Manilva,1,,7,265,151,33,42.88,24.43,5.34,618,52.27,1192,53,142,65,13.62,36.5,16.71,1125,34.84,389
2906901001,69,Marbella,1,,1,149,39,6,51.38,13.45,2.07,290,57.76,509,15,121,18,6.2,50.0,7.44,527,46.49,242
2906901002,69,Marbella,1,,2,197,51,16,48.17,12.47,3.91,409,55.04,745,10,126,24,3.65,45.99,8.76,792,34.72,274
2906901003,69,Marbella,1,,3,230,108,14,38.59,18.12,2.35,596,52.63,1144,18,133,38,4.9,36.24,10.35,1142,32.49,367
2906901004,69,Marbella,1,,4,425,126,28,48.41,14.35,3.19,878,57.01,1547,34,273,63,5.56,44.68,10.31,1543,39.79,611
2906901005,69,Marbella,1,,5,214,90,18,37.02,15.57,3.11,578,56.23,1033,20,122,35,5.6,34.17,9.8,1090,32.94,357
2906901006,69,Marbella,1,,6,143,51,14,40.06,14.29,3.92,357,42.22,850,8,79,18,3.76,37.09,8.45,857,24.97,213
2906901007,69,Marbella,1,,7,153,62,8,31.94,12.94,1.67,479,49.44,1007,22,85,18,7.46,28.81,6.1,975,31.49,295
2906901008,69,Marbella,1,,8,151,72,12,35.61,16.98,2.83,424,50.77,845,15,84,25,6.05,33.87,10.08,878,28.59,248
2906901009,69,Marbella,1,,9,165,91,12,39.01,21.51,2.84,423,53.01,813,16,103,47,5.86,37.73,17.22,800,34.75,273
2906901010,69,Marbella,1,,10,188,118,22,30.57,19.19,3.58,615,49.06,1258,12,103,23,3.61,31.02,6.93,1214,27.43,332
2906901011,69,Marbella,1,,11,234,120,27,31.97,16.39,3.69,732,50.07,1472,25,125,38,5.75,28.74,8.74,1460,30.0,435
2906901012,69,Marbella,1,,12,153,52,8,41.92,14.25,2.19,365,58.15,641,12,93,17,5.29,40.97,7.49,662,35.05,227
2906901013,69,Marbella,1,,13,109,58,13,39.07,20.79,4.66,279,50.99,571,17,66,31,8.81,34.2,16.06,568,35.39,193
2906901014,69,Marbella,1,,14,201,103,20,36.22,18.56,3.6,555,48.71,1162,15,102,36,4.89,33.22,11.73,1150,27.22,307
2906901015,69,Marbella,1,,15,325,94,13,45.2,13.07,1.81,719,65,1117,28,185,44,5.68,37.53,8.92,1136,43.84,493
2906901016,69,Marbella,1,,16,386,106,27,47.77,13.12,3.34,808,57.1,1426,39,253,45,7.07,45.83,8.15,1422,39.1,552
2906901017,69,Marbella,1,,17,230,52,9,54.89,12.41,2.15,419,57.97,723,11,156,29,3.81,53.98,10.03,731,39.53,289
2906901018,69,Marbella,1,,18,265,100,16,46.33,17.48,2.8,572,64.92,884,23,127,54,7.26,40.06,17.03,878,36.22,317
2906901019,69,Marbella,1,,19,129,49,14,40.57,15.41,4.4,318,62.77,516,21,87,14,10.19,42.23,6.8,530,39.62,206
2906901020,69,Marbella,1,,20,294,72,11,59.27,14.52,2.22,496,60.12,827,26,196,57,6.77,51.04,14.84,843,45.67,384
2906901021,69,Marbella,1,,21,390,86,14,60.19,13.27,2.16,648,58.19,1119,22,281,67,4.33,55.31,13.19,1195,42.68,508
2906901022,69,Marbella,1,,22,364,104,18,55.66,15.9,2.75,654,57.6,1148,32,267,66,6.06,50.57,12.5,1195,44.69,528
2906901023,69,Marbella,1,,23,283,93,7,52.7,17.32,1.3,537,55,982,21,212,67,4.94,49.88,15.76,1079,39.57,425
2906901024,69,Marbella,1,,24,291,112,31,38.7,14.89,4.12,752,59.98,1260,29,146,55,6.76,34.03,12.82,1284,33.57,429
2906901025,69,Marbella,1,,25,143,73,18,33.41,17.06,4.21,428,61.1,704,28,82,19,10.33,30.26,7.01,715,38.04,271
2906901026,69,Marbella,1,,26,209,84,15,41.97,16.87,3.01,498,63.03,795,20,129,42,5.85,37.72,12.28,824,41.75,342
2906901027,69,Marbella,1,,27,241,80,18,38.01,12.62,2.84,634,60.62,1056,30,132,41,7.28,32.04,9.95,1068,38.95,412
2906901028,69,Marbella,1,,28,433,142,28,49.09,16.1,3.17,882,65.29,1362,46,217,67,8.49,40.04,12.36,1353,40.35,542
2906901029,69,Marbella,1,,29,421,202,19,37.72,18.1,1.7,1116,60.23,1878,46,208,77,7.5,33.93,12.56,1865,33.3,613
2906901030,69,Marbella,1,,30,350,69,13,58.04,11.44,2.16,603,59.03,1027,37,205,66,7.92,43.9,14.13,1080,43.43,467
2906901031,69,Marbella,1,,31,328,76,12,60.52,14.02,2.21,542,55.96,970,31,216,75,7.03,48.98,17.01,1005,43.98,441
2906901032,69,Marbella,1,,32,293,139,21,41.92,19.89,3,699,57.22,1236,32,155,52,7.73,37.44,12.56,1227,34.15,414
2906901033,69,Marbella,1,,33,444,93,29,59.68,12.5,3.9,744,68.1,1098,48,292,59,8.94,54.38,10.99,1100,49.09,537
2906901034,69,Marbella,1,,34,180,61,12,38.71,13.12,2.58,465,58.24,807,23,79,19,7.96,27.34,6.57,851,34.31,289
2906901035,69,Marbella,1,,35,299,128,22,38.33,16.41,2.82,780,59.25,1342,24,148,65,5.25,32.39,14.22,1329,35.06,457
2906901036,69,Marbella,1,,36,197,115,17,33.91,19.79,2.93,581,58.96,994,19,113,42,5.29,31.48,11.7,1020,35.49,359
2906901037,69,Marbella,1,,37,370,115,16,45.01,13.99,1.95,822,68.19,1216,43,213,54,7.82,38.73,9.82,1202,46.17,550
2906901038,69,Marbella,1,,38,275,109,17,39.97,15.84,2.47,688,57.46,1208,33,161,51,7.3,35.62,11.28,1219,37.41,452
2906901039,69,Marbella,1,,39,333,85,24,47.78,12.2,3.44,697,64.44,1089,26,180,30,6.12,42.35,7.06,1076,39.78,425
2906901040,69,Marbella,1,,40,407,112,32,49.27,13.56,3.87,826,69.14,1208,27,245,64,5.17,46.93,12.26,1187,44.48,522
2906901041,69,Marbella,1,,41,282,83,18,46.61,13.72,2.98,605,67.21,905,34,176,57,7.8,40.37,13.07,940,46.6,436
2906901042,69,Marbella,1,,42,380,123,27,51.01,16.51,3.62,745,66.96,1117,40,208,51,8.75,45.51,11.16,1133,40.51,457
2906901043,69,Marbella,1,,43,157,88,16,40.26,22.56,4.1,390,51.52,757,24,81,44,9.92,33.47,18.18,750,32.27,242
2906902001,69,Marbella,2,,1,192,56,9,45.82,13.37,2.15,419,50.83,830,25,135,23,8.77,47.37,8.07,816,35.17,285
2906902002,69,Marbella,2,,2,175,66,9,42.37,15.98,2.18,413,48.89,845,8,99,30,3.35,41.42,12.55,859,27.82,239
2906902003,69,Marbella,2,,3,254,74,16,41.44,12.07,2.61,613,50.65,1232,28,114,42,7.33,29.84,10.99,1221,31.86,382
2906902004,69,Marbella,2,,4,323,121,16,41.68,15.61,2.06,775,58.84,1336,34,178,45,7.16,37.47,9.47,1319,36.54,475
2906902005,69,Marbella,2,,5,489,180,26,52.36,19.27,2.78,934,60.46,1550,42,273,78,7.49,48.66,13.9,1531,36.77,561
2906902006,69,Marbella,2,,6,125,60,16,31.65,15.19,4.05,395,56.04,724,17,69,22,6.54,26.54,8.46,707,37.77,260
2906902007,69,Marbella,2,,7,259,98,13,43.6,16.5,2.19,594,57.43,1043,25,169,37,6.63,44.83,9.81,1048,36.26,377
2906902008,69,Marbella,2,,8,275,120,30,37.16,16.22,4.05,740,63.85,1190,23,179,50,4.8,37.37,10.44,1176,41.84,479
2906902009,69,Marbella,2,,9,583,177,24,56.17,17.05,2.31,1038,59.3,1759,49,397,113,6.17,50.0,14.23,1813,44.02,794
2906902010,69,Marbella,2,,10,320,190,41,36.12,21.44,4.63,886,51.46,1728,60,170,68,10.33,29.26,11.7,1757,33.18,581
2906902011,69,Marbella,2,,11,390,164,25,39.63,16.67,2.54,984,59.59,1678,48,247,68,7.59,39.08,10.76,1640,39.15,632
2906902012,69,Marbella,2,,12,252,93,20,42.35,15.63,3.36,595,55.97,1074,25,122,41,6.72,32.8,11.02,1092,34.43,372
2906902013,69,Marbella,2,,13,207,134,23,32.14,20.81,3.57,644,60.48,1081,52,100,57,12.84,24.69,14.07,1085,37.88,405
2906902014,69,Marbella,2,,14,197,80,16,40.37,16.39,3.28,488,56.81,863,18,111,30,5.92,36.51,9.87,851,35.84,304
2906902015,69,Marbella,2,,15,433,184,43,40.09,17.04,3.98,1080,62.18,1756,61,213,80,9.46,33.02,12.4,1771,36.82,645
2906902016,69,Marbella,2,,16,372,116,32,43.87,13.68,3.77,848,66.07,1291,38,244,60,6.85,43.96,10.81,1266,44.08,555
2906902017,69,Marbella,2,,17,283,79,14,49.82,13.91,2.46,568,59.21,964,20,193,35,4.84,46.73,8.47,1009,41.13,413
2906902018,69,Marbella,2,,18,496,133,28,61.61,16.52,3.48,805,58.6,1379,46,319,76,8.03,55.67,13.26,1396,41.19,573
2906902019,69,Marbella,2,,19,265,130,36,37.7,18.49,5.12,703,59.4,1189,66,128,63,15.68,30.4,14.96,1185,35.7,421
2906903001,69,Marbella,3,,1,333,89,16,63.92,17.08,3.07,521,37.45,1399,50,219,40,13.19,57.78,10.55,1530,24.9,379
2906903002,69,Marbella,3,,2,237,73,14,62.04,19.11,3.66,382,46.99,817,32,161,63,10.26,51.6,20.19,872,36.01,312
2906903003,69,Marbella,3,,3,237,120,28,33.24,16.83,3.93,713,47.97,1497,49,123,45,10.77,27.03,9.89,1582,28.95,455
2906903004,69,Marbella,3,,4,254,125,35,39.75,19.56,5.48,639,51.27,1262,35,105,47,10.57,31.72,14.2,1173,28.56,331
2906903005,69,Marbella,3,,5,285,94,18,58.88,19.42,3.72,484,43.19,1123,46,213,73,10.65,49.31,16.9,1331,32.53,432
2906903006,69,Marbella,3,,6,663,151,24,63.87,14.55,2.31,1038,56.82,1827,62,445,111,7.62,54.67,13.64,1922,42.35,814
2906903007,69,Marbella,3,,7,363,129,21,52.53,18.67,3.04,691,45.48,1526,49,254,77,9.5,49.22,14.92,1736,29.84,516
2906903008,69,Marbella,3,,8,271,105,30,45.55,17.65,5.04,595,49.26,1212,42,165,50,10.88,42.75,12.95,1273,30.4,386
2906903009,69,Marbella,3,,9,277,137,24,38.8,19.19,3.36,714,52.16,1394,50,140,66,11.57,32.41,15.28,1369,32.14,432
2906903010,69,Marbella,3,,10,512,130,21,66.15,16.8,2.71,774,53.51,1454,79,336,106,12.7,54.02,17.04,1527,40.93,622
2906904001,69,Marbella,4,,1,478,141,23,61.36,18.1,2.95,779,57.31,1361,65,316,66,11.34,55.15,11.52,1409,40.74,573
2906904002,69,Marbella,4,,2,602,172,48,55.74,15.93,4.44,1080,56.67,1906,81,368,117,10.09,45.83,14.57,2015,39.85,803
2906904003,69,Marbella,4,,3,461,141,36,53.79,16.45,4.2,857,57.22,1503,46,314,76,7.63,52.07,12.6,1599,37.84,603
2906904004,69,Marbella,4,,4,308,226,47,31.49,23.11,4.81,978,51.73,1898,51,166,80,9.88,32.17,15.5,1898,27.29,516
2906904005,69,Marbella,4,,5,317,129,26,43.72,17.79,3.59,725,60.82,1195,28,168,52,7.29,43.75,13.54,1192,32.3,384
2906904006,69,Marbella,4,,6,471,161,34,51.59,17.63,3.72,913,47.62,1917,65,302,116,9.52,44.22,16.98,2034,33.58,683
2906904007,69,Marbella,4,,7,349,131,32,47.35,17.77,4.34,737,60.06,1232,43,167,81,9.84,38.22,18.54,1189,36.92,437
2907001001,70,Mijas,1,,1,402,211,39,35.26,18.51,3.42,1140,59.3,1998,71,206,81,10.01,29.06,11.42,1945,37.89,709
2907001002,70,Mijas,1,,2,308,101,15,44.57,14.62,2.17,691,64.77,1093,27,185,54,5.45,37.37,10.91,1123,45.15,495
2907001003,70,Mijas,1,,3,302,154,19,38.13,19.44,2.4,792,59.22,1337,37,159,51,7.86,33.76,10.83,1305,36.09,471
2907001004,70,Mijas,1,,4,368,178,38,34.62,16.75,3.57,1063,61.9,1732,54,227,80,7.26,30.51,10.75,1755,42.74,744
2907001005,70,Mijas,1,,5,158,56,13,40.72,14.43,3.35,388,55.82,695,21,107,37,7.07,36.03,12.46,725,40.97,297
2907001006,70,Mijas,1,,6,242,106,29,39.54,17.32,4.74,612,57.45,1074,37,135,50,9.18,33.5,12.41,1026,39.57,403
2907001007,70,Mijas,1,,7,266,81,27,48.72,14.84,4.95,546,63.68,872,27,199,44,6.35,46.82,10.35,922,46.85,425
2907001008,70,Mijas,1,,8,235,142,43,32.78,19.8,6,717,61.08,1192,46,129,75,9.66,27.1,15.76,1195,40.42,476
2907001009,70,Mijas,1,,9,328,212,52,32.96,21.31,5.23,995,57.33,1744,66,199,91,9.95,30.02,13.73,1726,38.59,663
2907001010,70,Mijas,1,,10,234,163,25,24.2,16.86,2.59,967,66.35,1471,52,263,87,8.16,41.29,13.66,1458,44.1,637
2907001011,70,Mijas,1,,11,292,108,24,47.95,17.73,3.94,609,51.51,1188,54,177,61,12.22,40.05,13.8,1239,35.84,442
2907001012,70,Mijas,1,,12,308,206,18,35.36,23.65,2.07,871,62.97,1399,67,170,91,12.18,30.91,16.55,1372,40.52,550
2907001013,70,Mijas,1,,13,470,184,46,44.38,17.37,4.34,1059,62.08,1720,62,270,97,9.13,39.76,14.29,1665,41.14,679
2907001014,70,Mijas,1,,14,185,86,19,37.99,17.66,3.9,487,58.78,842,34,97,35,10.76,30.7,11.08,838,38.31,316
2907001015,70,Mijas,1,,15,230,154,50,30.79,20.62,6.69,747,52.31,1449,56,96,70,13.33,22.86,16.67,1297,32.85,420
2907001016,70,Mijas,1,,16,358,170,27,38.21,18.14,2.88,937,62.48,1516,46,228,84,7.23,35.85,13.21,1509,42.61,636
2907001017,70,Mijas,1,,17,492,209,52,45.3,19.24,4.79,1086,63.81,1702,73,269,106,10.66,39.27,15.47,1620,42.28,685
2907001018,70,Mijas,1,,18,237,123,32,35.37,18.36,4.78,670,54.34,1244,56,215,108,8.14,31.25,15.7,1955,35.5,688
2907001019,70,Mijas,1,,19,173,98,22,34.74,19.68,4.42,498,57.21,879,13,105,40,4.45,35.96,13.7,872,33.83,292
2907001020,70,Mijas,1,,20,460,257,74,35.58,19.88,5.72,1293,66.03,1982,96,266,106,11.87,32.88,13.1,1949,42.02,809
2907001021,70,Mijas,1,,21,274,124,43,35.17,15.92,5.52,779,62.35,1257,45,144,51,9.09,29.09,10.3,1233,40.39,495
2907001022,70,Mijas,1,,22,296,128,47,40.38,17.46,6.41,733,52.35,1408,75,155,88,15.0,31.0,17.6,1397,36.01,500
2907001023,70,Mijas,1,,23,394,180,72,41.52,18.97,7.59,949,48.55,1957,90,219,116,13.37,32.54,17.24,1973,34.16,673
2907001024,70,Mijas,1,,24,194,127,48,33.62,22.01,8.32,577,58.17,997,82,219,117,11.02,29.44,15.73,1981,37.76,744
2907001025,70,Mijas,1,,25,359,160,49,39.58,17.64,5.4,907,64.78,1416,76,172,68,14.5,32.82,12.98,1283,41.31,524
2907001026,70,Mijas,1,,26,347,176,51,38.9,19.73,5.72,892,56.6,1578,115,248,124,15.25,32.89,16.45,2102,35.92,754
2907001027,70,Mijas,1,,27,186,95,19,40.97,20.93,4.19,454,47.1,970,37,105,27,12.98,36.84,9.47,946,30.34,285
2907001028,70,Mijas,1,,28,358,171,68,45.09,21.54,8.56,794,56.78,1400,106,267,125,14.02,35.32,16.53,2078,36.43,756
2907001029,70,Mijas,1,,29,315,100,24,48.76,15.48,3.72,646,67.95,955,35,177,58,7.87,39.78,13.03,950,47.05,445
2907001030,70,Mijas,1,,30,502,193,40,48.13,18.5,3.84,1043,57.22,1842,72,267,79,10.78,39.97,11.83,1685,40.06,668
2907001031,70,Mijas,1,,31,268,137,40,40.98,20.95,6.12,654,53.53,1231,44,161,79,10.19,37.27,18.29,1205,36.1,432
2907001032,70,Mijas,1,,32,160,97,24,38.83,23.54,5.83,412,50.61,814,32,67,51,12.96,27.13,20.65,734,33.65,247
2907001033,70,Mijas,1,,33,153,109,29,28.98,20.64,5.49,528,49.39,1069,38,78,50,12.46,25.57,16.39,1024,29.79,305
2907001034,70,Mijas,1,,34,307,176,56,39.51,22.65,7.21,777,50.35,1547,50,154,87,11.09,34.15,19.29,1394,32.42,451
2907001035,70,Mijas,1,,35,137,75,12,39.6,21.68,3.47,346,56.2,625,27,65,33,13.78,33.16,16.84,604,32.95,196
2907001036,70,Mijas,1,,36,523,185,39,51.22,18.12,3.82,1021,69.17,1483,90,282,84,13.24,41.47,12.35,1437,47.53,680
2907001037,70,Mijas,1,,37,173,77,21,37.69,16.78,4.58,459,59.79,776,31,78,47,10.69,26.9,16.21,754,38.86,290
2907001038,70,Mijas,1,,38,177,86,24,46.58,22.63,6.32,380,58.74,650,,,,,,,,,
2907001039,70,Mijas,1,,39,173,80,26,45.17,20.89,6.79,383,56.23,685,,,,,,,,,
2907001040,70,Mijas,1,,40,128,98,22,31.45,24.08,5.41,407,55.05,743,,,,,,,,,
2907001041,70,Mijas,1,,41,228,111,36,36.42,17.73,5.75,626,63.24,995,,,,,,,,,
2907501001,75,Nerja,1,,1,292,78,9,51.32,13.71,1.58,569,58.71,971,23,194,43,5.08,42.83,9.49,1047,43.36,453
2907501002,75,Nerja,1,,2,239,67,14,44.01,12.34,2.58,543,59.76,910,25,168,43,5.8,38.98,9.98,1037,41.66,431
2907501003,75,Nerja,1,,3,415,151,34,44.01,16.01,3.61,943,60.94,1557,41,250,62,6.56,40.0,9.92,1617,38.9,625
2907501004,75,Nerja,1,,4,304,87,16,52.96,15.16,2.79,574,60.7,947,26,198,53,5.95,45.31,12.13,1087,40.29,437
2907501005,75,Nerja,1,,5,409,138,35,46.8,15.79,4,874,58.81,1501,50,263,71,7.66,40.28,10.87,1598,41.3,653
2907501006,75,Nerja,1,,6,321,142,28,39.88,17.64,3.48,805,57.21,1412,52,204,65,9.3,36.49,11.63,1468,38.22,559
2907501007,75,Nerja,1,,7,544,160,14,50,14.71,1.29,1088,65.21,1679,57,362,79,7.21,45.76,9.99,1719,46.31,791
2907501008,75,Nerja,1,,8,440,177,30,44.81,18.02,3.05,982,56.9,1733,51,255,79,7.33,36.64,11.35,1996,35.02,696
2907501009,75,Nerja,1,,9,321,155,16,46.52,22.46,2.32,690,58.4,1193,36,193,87,7.53,40.38,18.2,1370,35.26,478
2907501010,75,Nerja,1,,10,351,89,11,51.39,13.03,1.61,683,62.75,1096,25,230,45,5.01,46.09,9.02,1167,43.1,499
2908201001,82,Rincón de la Victoria,1,,1,595,137,35,48.53,11.17,2.85,1226,65.82,1876,63,336,80,7.62,40.63,9.67,1784,46.69,827
2908201002,82,Rincón de la Victoria,1,,2,390,138,46,41.05,14.53,4.84,950,64.02,1500,57,213,74,8.99,33.6,11.67,1522,42.12,634
2908201003,82,Rincón de la Victoria,1,,3,386,120,31,36.55,11.36,2.94,1056,65.42,1631,55,267,57,6.92,33.58,7.17,1698,47.29,795
2908201004,82,Rincón de la Victoria,1,,4,318,92,14,49.53,14.33,2.18,642,67.04,964,47,243,44,9.04,46.73,8.46,970,53.92,520
2908201005,82,Rincón de la Victoria,1,,5,302,100,32,41.2,13.64,4.37,733,67.39,1107,40,166,34,8.93,37.05,7.59,1075,42.42,448
2908201006,82,Rincón de la Victoria,1,,6,269,99,18,37.99,13.98,2.54,708,62.73,1141,0,188,40,0.0,35.95,7.65,1167,45.33,523
2908201007,82,Rincón de la Victoria,1,,7,355,93,13,51.23,13.42,1.88,693,63.48,1104,33,255,66,6.41,49.51,12.82,1130,46.11,515
2908201008,82,Rincón de la Victoria,1,,8,419,126,33,45.69,13.74,3.6,917,72.58,1263,58,264,76,8.57,39.0,11.23,1263,53.6,677
2908201009,82,Rincón de la Victoria,1,,9,436,122,17,45.28,12.67,1.77,963,66.12,1467,17,327,82,2.32,44.61,11.19,1501,49.17,733
2908201010,82,Rincón de la Victoria,1,,10,441,123,21,41.88,11.68,1.99,1053,66.15,1596,70,280,65,8.46,33.86,7.86,1599,51.84,827
2908201011,82,Rincón de la Victoria,1,,11,377,100,29,42.89,11.38,3.3,879,68.51,1284,51,231,53,8.35,37.81,8.67,1287,47.55,611
2908201012,82,Rincón de la Victoria,1,,12,578,131,26,47.89,10.85,2.15,1207,67.52,1794,64,402,85,6.82,42.86,9.06,1857,50.67,938
2908201013,82,Rincón de la Victoria,1,,13,496,77,19,58.56,9.09,2.24,847,71.01,1193,67,308,61,10.39,47.75,9.46,1191,54.16,645
2908201014,82,Rincón de la Victoria,1,,14,287,79,11,47.83,13.17,1.83,600,66.67,915,34,198,41,7.76,45.21,9.36,935,47.59,438
2908201015,82,Rincón de la Victoria,1,,15,382,114,36,45.75,13.65,4.31,835,73.17,1145,59,216,57,10.5,38.43,10.14,1142,49.39,562
2908201016,82,Rincón de la Victoria,1,,16,563,155,41,47.63,13.11,3.47,1182,69.7,1702,77,320,79,9.76,40.56,10.01,1702,46.53,789
2908201017,82,Rincón de la Victoria,1,,17,541,92,18,55.66,9.47,1.85,972,75.45,1298,52,349,56,7.22,48.47,7.78,1312,55.26,720
2908201018,82,Rincón de la Victoria,1,,18,498,141,33,48.35,13.69,3.2,1030,67.75,1520,66,298,95,8.87,40.05,12.77,1514,49.14,744
2908201019,82,Rincón de la Victoria,1,,19,481,105,19,49.23,10.75,1.94,977,75.38,1304,47,324,57,6.23,42.91,7.55,1327,57.27,755
2908201020,82,Rincón de la Victoria,1,,20,355,130,33,41.96,15.37,3.9,846,61.6,1391,54,192,61,10.19,36.23,11.51,1352,39.72,530
2908201021,82,Rincón de la Victoria,1,,21,519,120,25,52.91,12.23,2.55,981,72.83,1352,74,305,56,10.85,44.72,8.21,1298,52.77,682
2908201022,82,Rincón de la Victoria,1,,22,474,130,30,44.84,12.3,2.84,1057,72.47,1468,42,337,72,5.34,42.88,9.16,1478,53.52,786
2908201023,82,Rincón de la Victoria,1,,23,619,178,42,53.32,15.33,3.62,1161,67.53,1728,92,350,113,11.5,43.75,14.12,1708,47.07,800
2908201024,82,Rincón de la Victoria,1,,24,652,179,41,53.84,14.78,3.39,1211,74.3,1630,112,369,78,13.45,44.3,9.36,1665,50.03,833
2908201025,82,Rincón de la Victoria,1,,25,635,169,26,53.68,14.29,2.2,1183,72.47,1648,91,407,85,10.67,47.71,9.96,1633,52.73,853
2908201026,82,Rincón de la Victoria,1,,26,362,86,30,47.26,11.23,3.92,766,69.74,1103,36,205,42,7.26,41.33,8.47,1079,46.15,496
2908201027,82,Rincón de la Victoria,1,,27,221,63,13,47.32,13.49,2.78,467,64.43,729,34,119,31,11.64,40.75,10.62,768,38.28,292
2908201028,82,Rincón de la Victoria,1,,28,414,88,12,53.49,11.37,1.55,774,69.77,1114,34,260,50,5.94,45.45,8.74,1136,50.53,572
2908201029,82,Rincón de la Victoria,1,,29,239,48,11,49.28,9.9,2.27,485,71.37,680,20,172,34,5.24,45.03,8.9,700,54.57,382
2908401001,84,Ronda,1,,1,600,81,22,65.93,8.9,2.42,910,69.18,1333,30,392,64,4.5,58.77,9.6,1317,51.33,667
2908401002,84,Ronda,1,,2,196,42,15,47.12,10.1,3.61,416,55.22,766,12,102,25,4.2,35.66,8.74,755,38.54,286
2908401003,84,Ronda,1,,3,190,48,7,45.35,11.46,1.67,419,54.53,779,21,100,39,7.05,33.56,13.09,742,40.7,298
2908402001,84,Ronda,2,,1,601,116,23,56.27,10.86,2.15,1068,65.71,1631,34,391,75,4.49,51.65,9.91,1640,46.34,757
2908402002,84,Ronda,2,,2,310,62,9,54.87,10.97,1.59,565,64.51,882,41,174,47,10.57,44.85,12.11,895,43.69,388
2908402003,84,Ronda,2,,3,222,33,14,47.44,7.05,2.99,468,58.02,819,23,131,20,6.99,39.82,6.08,830,40.24,329
2908402004,84,Ronda,2,,4,284,85,9,44.1,13.2,1.4,644,63.21,1028,20,153,45,4.57,34.93,10.27,1073,41.19,438
2908402005,84,Ronda,2,,5,195,66,17,41.05,13.89,3.58,475,56.86,841,26,94,46,7.9,28.57,13.98,905,36.57,329
2908402006,84,Ronda,2,,6,341,84,16,50.74,12.5,2.38,672,57.28,1198,46,156,57,10.41,35.29,12.9,1182,38.16,442
2908402007,84,Ronda,2,,7,374,111,22,46.12,13.69,2.71,811,62.51,1307,46,159,53,9.06,31.3,10.43,1281,39.97,508
2908402008,84,Ronda,2,,8,380,76,22,53.3,10.66,3.09,713,68.61,1049,42,227,51,8.45,45.67,10.26,1040,48.27,497
2908402009,84,Ronda,2,,9,358,90,22,46.07,11.58,2.83,777,71.82,1100,27,182,39,5.57,37.53,8.04,1113,44.29,485
2908402010,84,Ronda,2,,10,202,79,14,41.82,16.36,2.9,483,54.25,898,27,60,54,10.19,22.64,20.38,874,30.55,265
2908403001,84,Ronda,3,,1,324,55,17,49.47,8.4,2.6,655,65.48,1020,29,195,46,6.36,42.76,10.09,1054,44.12,456
2908403002,84,Ronda,3,,2,315,88,21,44.81,12.52,2.99,703,61.37,1155,26,170,54,5.74,37.53,11.92,1174,38.93,453
2908403003,84,Ronda,3,,3,129,32,10,36.03,8.94,2.79,358,61.34,597,20,58,20,8.85,25.66,8.85,625,36.96,226
2908403004,84,Ronda,3,,4,252,73,20,44.6,12.92,3.54,565,65.06,873,16,148,42,4.06,37.56,10.66,877,45.15,394
2908403005,84,Ronda,3,,5,261,70,12,48.51,13.01,2.23,538,62.36,876,30,145,41,7.81,37.76,10.68,889,43.87,384
2908403006,84,Ronda,3,,6,439,82,27,53.15,9.93,3.27,826,70.65,1178,54,207,61,10.34,39.66,11.69,1142,46.06,522
2908403007,84,Ronda,3,,7,340,79,20,50,11.62,2.94,680,66.09,1043,22,143,53,6.11,39.72,14.72,975,37.44,360
2908404001,84,Ronda,4,,1,430,65,9,53.88,8.15,1.13,798,64.46,1255,26,243,36,4.93,46.11,6.83,1266,42.18,527
2908404003,84,Ronda,4,,3,354,64,12,58.42,10.56,1.98,606,68.94,885,29,201,43,6.76,46.85,10.02,894,48.32,429
2908404004,84,Ronda,4,,4,648,159,39,54.92,13.47,3.31,1180,65.6,1809,60,288,93,8.73,41.92,13.54,1789,38.62,687
2908405001,84,Ronda,5,,1,,,,,,,,,,,,,,,,,,
2908405002,84,Ronda,5,,2,139,65,9,40.88,19.12,2.65,340,53.64,638,11,58,20,5.61,29.59,10.2,651,30.26,196
2908405004,84,Ronda,5,,4,288,47,2,59.02,9.63,0.41,488,67.68,731,15,179,20,4.29,51.14,5.71,742,47.84,350
2908405005,84,Ronda,5,,5,299,114,19,42.59,16.24,2.71,702,50.25,1409,26,100,76,5.87,22.57,17.16,1417,31.55,443
2909101001,91,Torrox,1,,1,315,125,9,45.13,17.91,1.29,698,66.14,1070,29,212,59,5.69,41.57,11.57,1099,47.04,510
2909101002,91,Torrox,1,,2,106,41,15,34.19,13.23,4.84,310,61.64,508,14,80,25,5.79,33.06,10.33,548,44.53,242
2909101003,91,Torrox,1,,3,163,66,14,38.44,15.57,3.3,424,61.56,702,14,92,30,5.2,34.2,11.15,730,37.53,269
2909102001,91,Torrox,2,,1,516,197,31,40.66,15.52,2.44,1269,67.2,1923,70,315,100,8.03,36.12,11.47,1950,45.54,872
2909102002,91,Torrox,2,,2,548,187,25,44.92,15.33,2.05,1220,61.67,1999,61,393,117,6.5,41.9,12.47,2073,45.73,938
2909102003,91,Torrox,2,,3,253,133,22,42.1,22.13,3.66,601,57.14,1059,39,150,56,9.47,36.41,13.59,1092,38.0,412
2909103001,91,Torrox,3,,1,626,215,42,48.49,16.65,3.25,1291,64.4,2019,79,393,105,8.96,44.56,11.9,1974,44.98,882
2909103002,91,Torrox,3,,2,544,160,32,49.32,14.51,2.9,1103,62.68,1796,48,347,95,6.23,45.06,12.34,1776,44.26,770
2909401001,94,Vélez-Málaga,1,,1,85,95,6,23.16,25.89,1.63,367,41.49,918,9,57,44,3.8,24.05,18.57,874,28.15,237
2909401002,94,Vélez-Málaga,1,,2,117,81,12,34.01,23.55,3.49,344,42.03,818,14,75,33,6.33,33.94,14.93,843,26.22,221
2909401003,94,Vélez-Málaga,1,,3,204,97,16,41.38,19.68,3.25,493,53.57,930,26,124,30,8.12,38.75,9.38,909,35.53,320
2909401004,94,Vélez-Málaga,1,,4,273,74,13,48.84,13.24,2.33,559,67.67,836,36,196,35,8.74,47.57,8.5,842,49.52,412
2909401005,94,Vélez-Málaga,1,,5,465,221,42,39.21,18.63,3.54,1186,57.87,2081,73,218,89,10.86,32.44,13.24,1971,34.6,672
2909401006,94,Vélez-Málaga,1,,6,411,157,27,41.98,16.04,2.76,979,60.96,1626,37,250,80,5.68,38.4,12.29,1607,41.01,651
2909401007,94,Vélez-Málaga,1,,7,336,116,7,47.06,16.25,0.98,714,64.54,1119,21,202,57,4.52,43.44,12.26,1098,42.81,465
2909401008,94,Vélez-Málaga,1,,8,168,96,12,33.6,19.2,2.4,500,27.96,1810,50,182,86,8.09,29.45,13.92,1730,36.13,618
2909401009,94,Vélez-Málaga,1,,9,436,182,23,40.26,16.81,2.12,1083,67.99,1605,57,283,110,6.97,34.6,13.45,1629,50.58,818
2909401010,94,Vélez-Málaga,1,,10,560,204,31,44.87,16.35,2.48,1248,69.62,1817,61,342,107,7.03,39.4,12.33,1833,48.01,868
2909401011,94,Vélez-Málaga,1,,11,167,116,15,33.67,23.39,3.02,496,35.07,1414,30,91,45,10.17,30.85,15.25,1400,21.07,295
2909401012,94,Vélez-Málaga,1,,12,342,149,30,42.86,18.67,3.76,798,63.17,1276,56,172,76,11.11,34.13,15.08,1246,40.85,504
2909401013,94,Vélez-Málaga,1,,13,268,119,6,42.54,18.89,0.95,630,62.59,1026,35,139,61,9.26,36.77,16.14,991,38.85,378
2909401014,94,Vélez-Málaga,1,,14,505,210,48,45.41,18.88,4.32,1112,66.95,1677,86,265,120,11.73,36.15,16.37,1649,44.88,733
2909401015,94,Vélez-Málaga,1,,15,186,67,19,45.93,16.54,4.69,405,64.5,629,29,114,44,9.9,38.91,15.02,640,45.94,293
2909401016,94,Vélez-Málaga,1,,16,543,175,33,48.35,15.58,2.94,1123,70.27,1602,72,263,96,10.68,39.02,14.24,1547,43.7,674
2909401017,94,Vélez-Málaga,1,,17,397,196,35,42.46,20.96,3.74,935,67.33,1415,60,210,93,10.43,36.52,16.17,1407,41.65,575
2909401018,94,Vélez-Málaga,1,,18,343,147,26,45.86,19.65,3.48,748,59.28,1272,48,174,79,9.76,35.37,16.06,1244,39.87,492
2909402001,94,Vélez-Málaga,2,,1,227,57,9,55.23,13.87,2.19,411,59.51,694,32,163,36,9.7,49.39,10.91,700,47.43,330
2909402002,94,Vélez-Málaga,2,,2,311,75,10,55.04,13.27,1.77,565,63.36,896,26,210,57,5.76,46.56,12.64,914,49.56,451
2909402003,94,Vélez-Málaga,2,,3,286,127,11,45.54,20.22,1.75,628,61.27,1038,23,189,87,4.96,40.73,18.75,1030,45.63,464
2909402004,94,Vélez-Málaga,2,,4,302,170,30,35.03,19.72,3.48,862,61.18,1425,47,169,88,8.85,31.83,16.57,1365,39.34,531
2909402005,94,Vélez-Málaga,2,,5,130,82,17,34.76,21.93,4.55,374,51.08,738,21,67,48,9.55,30.45,21.82,713,31.14,220
2909402006,94,Vélez-Málaga,2,,6,159,52,11,41.84,13.68,2.89,380,63.94,604,23,84,27,8.52,31.11,10.0,581,47.16,270
2909402007,94,Vélez-Málaga,2,,7,316,125,10,45.66,18.06,1.45,692,59.42,1176,26,206,62,5.37,42.56,12.81,1178,41.51,484
2909402008,94,Vélez-Málaga,2,,8,258,79,14,47.43,14.52,2.57,544,60.58,900,20,168,58,5.21,43.75,15.1,900,42.78,384
2909402009,94,Vélez-Málaga,2,,9,354,214,30,38.56,23.31,3.27,918,65.53,1415,51,180,98,9.94,35.09,19.1,1357,38.17,513
2909403001,94,Vélez-Málaga,3,,1,250,86,11,49.9,17.17,2.2,501,53.62,940,28,162,39,8.46,48.94,11.78,987,33.74,331
2909403002,94,Vélez-Málaga,3,,2,429,119,39,49.31,13.68,4.48,870,65.47,1335,76,299,81,11.36,44.69,12.11,1352,49.7,669
2909403003,94,Vélez-Málaga,3,,3,394,98,10,55.97,13.92,1.42,704,55.32,1294,21,234,73,4.33,48.25,15.05,1266,38.94,485
2909403004,94,Vélez-Málaga,3,,4,533,183,28,46.67,16.02,2.45,1142,61.66,1863,41,356,100,5.04,43.73,12.29,1851,44.25,814
2909403005,94,Vélez-Málaga,3,,5,416,157,24,46.74,17.64,2.7,890,61.55,1457,52,267,78,8.11,41.65,12.17,1471,43.92,641
2909403006,94,Vélez-Málaga,3,,6,514,154,36,49.76,14.91,3.48,1033,66.88,1554,56,296,90,8.03,42.47,12.91,1543,45.43,697
2909403007,94,Vélez-Málaga,3,,7,366,87,15,54.95,13.06,2.25,666,63.82,1050,25,289,49,4.66,53.92,9.14,1068,50.47,536
2909403008,94,Vélez-Málaga,3,,8,250,69,18,47.98,13.24,3.45,521,53.86,984,25,139,38,7.29,40.52,11.08,959,36.39,343
2909403009,94,Vélez-Málaga,3,,9,348,112,28,46.65,15.01,3.75,746,62.48,1212,34,204,39,6.94,41.63,7.96,1191,41.73,490
2909403010,94,Vélez-Málaga,3,,10,393,167,30,43.96,18.68,3.36,894,57.42,1566,46,234,91,7.96,40.48,15.74,1541,37.7,578
2909403011,94,Vélez-Málaga,3,,11,512,184,44,46.84,16.83,4.03,1093,68.49,1606,102,295,105,13.2,38.16,13.58,1608,48.38,773
2909403012,94,Vélez-Málaga,3,,12,649,180,34,51.75,14.35,2.71,1254,69.92,1798,59,415,116,6.43,45.21,12.64,1803,51.03,918
2909403013,94,Vélez-Málaga,3,,13,565,162,36,54.02,15.49,3.44,1046,69.37,1512,57,344,109,7.54,45.5,14.42,1484,51.08,756
2909403014,94,Vélez-Málaga,3,,14,609,127,34,57.56,12,3.21,1058,72.98,1462,51,339,79,7.1,47.21,11.0,1410,51.35,718
2909403015,94,Vélez-Málaga,3,,15,431,140,10,48.87,15.87,1.13,882,61.98,1433,45,265,78,7.27,42.81,12.6,1364,45.67,619
2909404001,94,Vélez-Málaga,4,,1,411,122,40,45.72,13.57,4.45,899,64.21,1413,47,224,70,8.56,40.8,12.75,1381,40.12,549
2909404002,94,Vélez-Málaga,4,,2,202,70,22,45.7,15.84,4.98,442,63.35,717,19,126,53,6.48,43.0,18.09,672,44.79,293
2909404003,94,Vélez-Málaga,4,,3,532,240,46,45.7,20.62,3.95,1164,60.09,1950,70,329,127,9.04,42.51,16.41,1883,41.37,774
2909404004,94,Vélez-Málaga,4,,4,231,85,17,42.54,15.65,3.13,543,34.43,1583,74,242,81,10.36,33.89,11.34,1566,45.72,714
2909404005,94,Vélez-Málaga,4,,5,586,146,34,50.82,12.66,2.95,1153,67.86,1711,78,342,80,9.58,42.01,9.83,1651,49.67,814
2909404006,94,Vélez-Málaga,4,,6,257,73,29,38.36,10.9,4.33,670,53.49,1256,34,179,35,7.93,41.72,8.16,1254,34.29,429
2909404007,94,Vélez-Málaga,4,,7,470,254,57,42.92,23.2,5.21,1095,61.32,1797,53,244,136,7.99,36.8,20.51,1658,40.23,663
2909405001,94,Vélez-Málaga,5,,1,209,79,17,42.74,16.16,3.48,489,59.9,816,20,130,40,5.6,36.41,11.2,798,44.74,357
2990101001,901,Torremolinos,1,,1,492,143,28,55.47,16.12,3.16,887,69.49,1278,47,324,84,7.31,50.39,13.06,1222,52.7,643
2990101002,901,Torremolinos,1,,2,164,79,15,35.19,16.95,3.22,466,52.46,902,18,103,34,5.47,31.31,10.33,882,37.87,329
2990101003,901,Torremolinos,1,,3,326,115,24,37.05,13.07,2.73,880,60.66,1452,50,217,70,7.76,33.7,10.87,1456,44.3,644
2990101004,901,Torremolinos,1,,4,217,83,19,42.97,16.44,3.76,505,52.42,971,21,115,40,5.98,32.76,11.4,981,36.09,351
2990101005,901,Torremolinos,1,,5,183,73,25,39.02,15.57,5.33,469,58.54,806,24,126,25,7.69,40.38,8.01,787,39.9,312
2990101006,901,Torremolinos,1,,6,187,67,20,37.25,13.35,3.98,502,56.92,887,26,152,37,7.12,41.64,10.14,919,39.93,365
2990101007,901,Torremolinos,1,,7,348,88,15,50.73,12.83,2.19,686,60.12,1144,30,260,56,5.32,46.1,9.93,1186,47.72,564
2990101008,901,Torremolinos,1,,8,449,105,16,59.23,13.85,2.11,758,62.24,1219,24,336,77,4.0,56.0,12.83,1247,48.2,600
2990101009,901,Torremolinos,1,,9,330,116,28,42.09,14.8,3.57,784,65.27,1212,39,232,60,6.82,40.56,10.49,1223,47.18,572
2990101010,901,Torremolinos,1,,10,308,90,13,46.11,13.47,1.95,668,59.73,1123,37,221,60,6.99,41.78,11.34,1128,47.07,529
2990101011,901,Torremolinos,1,,11,393,107,31,47.64,12.97,3.76,825,63.61,1302,56,203,66,9.86,35.74,11.62,1307,43.61,568
2990101012,901,Torremolinos,1,,12,350,105,26,53.93,16.18,4.01,649,69.5,934,55,233,60,11.18,47.36,12.2,945,52.06,492
2990101013,901,Torremolinos,1,,13,138,61,12,41.32,18.26,3.59,334,48.43,690,20,106,30,7.94,42.06,11.9,720,35.0,252
2990101014,901,Torremolinos,1,,14,381,99,28,46.81,12.16,3.44,814,62.47,1309,26,272,55,4.32,45.18,9.14,1272,47.56,602
2990101015,901,Torremolinos,1,,15,252,74,25,46.32,13.6,4.6,544,60.84,901,49,166,44,11.32,38.34,10.16,915,47.65,433
2990101016,901,Torremolinos,1,,16,286,104,13,49.91,18.15,2.27,573,64.07,896,28,230,75,5.82,47.82,15.59,977,49.33,481
2990101017,901,Torremolinos,1,,17,217,73,20,36.47,12.27,3.36,595,51.07,1165,28,165,50,6.14,36.18,10.96,1199,38.03,456
2990101018,901,Torremolinos,1,,18,347,126,26,42.68,15.5,3.2,813,57.17,1424,49,223,85,8.21,37.35,14.24,1423,42.02,597
2990101019,901,Torremolinos,1,,19,338,123,22,42.09,15.32,2.74,803,61.4,1319,44,222,66,7.28,36.75,10.93,1337,45.55,604
2990101020,901,Torremolinos,1,,20,251,130,26,35.5,18.39,3.68,707,54.6,1302,35,179,60,6.88,35.17,11.79,1256,40.76,509
2990101021,901,Torremolinos,1,,21,273,62,11,58.71,13.33,2.37,465,69.85,667,35,188,45,9.78,52.51,12.57,674,53.26,358
2990101022,901,Torremolinos,1,,22,286,70,13,54.48,13.33,2.48,525,61.93,849,28,226,58,6.32,51.02,13.09,903,49.17,443
2990101023,901,Torremolinos,1,,23,222,97,28,40.73,17.8,5.14,545,59.41,917,34,129,50,9.94,37.72,14.62,909,37.62,342
2990101024,901,Torremolinos,1,,24,456,136,21,52,15.51,2.39,877,68.51,1282,55,300,86,8.45,46.08,13.21,1248,52.24,651
2990101025,901,Torremolinos,1,,25,185,75,17,37.3,15.12,3.43,496,57.46,863,23,120,42,6.59,34.38,12.03,871,40.07,349
2990101026,901,Torremolinos,1,,26,219,71,26,38.97,12.63,4.63,562,58.61,967,35,151,47,8.01,34.55,10.76,999,44.14,437
2990101027,901,Torremolinos,1,,27,218,88,13,39.42,15.91,2.35,553,52.26,1058,14,167,43,3.47,41.34,10.64,1084,37.27,404
2990101028,901,Torremolinos,1,,28,243,72,25,43.94,13.02,4.52,553,63.54,872,27,150,37,7.09,39.37,9.71,880,43.41,381
2990101029,901,Torremolinos,1,,29,145,59,24,39.73,16.16,6.58,365,45.85,807,9,104,32,3.35,38.66,11.9,817,33.41,269
2990101030,901,Torremolinos,1,,30,405,173,48,42.06,17.96,4.98,963,61.89,1567,70,266,95,10.13,38.49,13.75,1567,44.42,691
2990101031,901,Torremolinos,1,,31,320,139,26,38.32,16.65,3.11,835,66.75,1266,54,194,81,9.23,33.16,13.85,1269,46.65,585
2990101032,901,Torremolinos,1,,32,235,108,18,40.87,18.78,3.13,575,53.46,1081,32,156,52,8.23,40.1,13.37,1063,36.78,389
2990101033,901,Torremolinos,1,,33,192,62,13,45.18,14.59,3.06,425,61.48,696,16,129,47,4.75,38.28,13.95,732,46.31,337
2990101034,901,Torremolinos,1,,34,647,174,44,52.01,13.99,3.54,1244,70.29,1776,96,414,107,10.29,44.37,11.47,1780,52.58,933
2990101035,901,Torremolinos,1,,35,412,76,14,58.94,10.87,2,699,70.31,998,36,292,59,6.5,52.71,10.65,1048,53.05,554
2990101036,901,Torremolinos,1,,36,257,103,27,39.3,15.75,4.13,654,63.61,1028,37,172,50,7.72,35.91,10.44,1026,46.69,479
2990101037,901,Torremolinos,1,,37,438,122,39,48.03,13.38,4.28,912,74.11,1231,60,260,71,9.72,42.14,11.51,1208,51.08,617
2990101038,901,Torremolinos,1,,38,400,95,12,55.79,13.25,1.67,717,71.96,1003,50,286,68,8.74,50.0,11.89,1013,56.86,572
2990101039,901,Torremolinos,1,,39,519,172,37,48.73,16.15,3.47,1065,68.26,1560,73,278,86,10.85,41.31,12.78,1526,44.1,673
2990101040,901,Torremolinos,1,,40,264,73,11,49.81,13.77,2.08,530,70.46,752,21,209,36,4.99,49.64,8.55,767,54.89,421
2990101041,901,Torremolinos,1,,41,634,125,25,63.34,12.49,2.5,1001,75.68,1329,63,408,79,8.62,55.81,10.81,1234,59.56,731
2990101042,901,Torremolinos,1,,42,320,86,27,50.39,13.54,4.25,635,67.8,938,58,189,48,12.92,42.09,10.69,946,47.57,449
2990101043,901,Torremolinos,1,,43,371,111,30,48.24,14.43,3.9,769,70.56,1094,52,213,63,10.02,41.04,12.14,1080,48.24,519
